Name,Term,ES,NES,NOM p-val,FDR q-val,FWER p-val,Tag %,Gene %,Lead_genes
prerank,GOCC_PHOTORECEPTOR_DISC_MEMBRANE,0.9952683916118746,2.469769910360464,0.09803921568627451,0.3683781106125066,0.34,1/19,0.48%,GUCA1B
prerank,GOCC_PORE_COMPLEX,0.9974564359291073,2.4664598773453594,0.015151515151515152,0.1927559881111953,0.35,1/26,0.26%,SLC25A31
prerank,GOCC_EXON_EXON_JUNCTION_COMPLEX,0.9310146441854075,2.3263315210508053,0.2037037037037037,0.3655224663441926,0.73,1/21,0.95%,SMG6
prerank,GOCC_POSTSYNAPTIC_CYTOSKELETON,0.9972959284385647,2.150023846871486,0.12727272727272726,1.0,0.97,1/15,0.28%,NEFL
prerank,GOCC_CHITOSOME,0.9922906686391506,1.977936311849598,0.3018867924528302,1.0,1.0,1/23,0.77%,GPR143
prerank,GOCC_SPERM_HEAD_TAIL_COUPLING_APPARATUS,0.9916793259558218,1.9731412314737962,0.23636363636363636,1.0,1.0,1/17,0.83%,CEP131
prerank,GOCC_DENDRITIC_SPINE_MEMBRANE,0.9949317464141972,1.9412889712084895,0.13333333333333333,1.0,1.0,1/16,0.51%,GPER1
prerank,GOCC_MANCHETTE,0.9916778469579243,1.9259279369557876,0.26229508196721313,1.0,1.0,1/21,0.83%,CEP131
prerank,GOCC_SODIUM_CHANNEL_COMPLEX,0.998078302265116,1.8700589294815786,0.09230769230769231,1.0,1.0,1/24,0.20%,GRIK5
prerank,GOCC_TELOMERASE_HOLOENZYME_COMPLEX,0.9175386973190515,1.8556831039166481,0.3225806451612903,1.0,1.0,1/22,0.95%,SMG6
prerank,GOCC_AXONEMAL_DOUBLET_MICROTUBULE,0.9959905118375451,1.8494539299600092,0.12698412698412698,1.0,1.0,1/28,0.40%,CFAP77
prerank,GOCC_AXONEMAL_MICROTUBULE,0.9959881831118554,1.8306503502974711,0.14285714285714285,1.0,1.0,1/32,0.40%,CFAP77
prerank,GOCC_SERINE_TYPE_PEPTIDASE_COMPLEX,0.9954940556866716,1.8280090526218855,0.1111111111111111,1.0,1.0,1/18,0.45%,F7
prerank,GOCC_CILIARY_BASE,0.9999271744194775,1.8144011587743196,0.0,1.0,1.0,1/39,0.01%,GLI1
prerank,GOCC_MITOTIC_SPINDLE_POLE,0.9930510970956244,1.7880433718901383,0.32,1.0,1.0,2/38,0.70%,FAM161A;FAM83D
prerank,GOCC_NUCLEOSOME,0.9924917077733936,1.776368478714505,0.28169014084507044,1.0,1.0,1/39,0.75%,KAT6A
prerank,GOCC_SPERM_PRINCIPAL_PIECE,0.9933130283515246,1.7448212265592615,0.3387096774193548,1.0,1.0,1/33,0.67%,TSGA10
prerank,GOCC_DENDRITIC_SHAFT,0.9945255397451422,1.739154265279606,0.25396825396825395,1.0,1.0,2/40,0.56%,GPER1;MPP2
prerank,GOCC_ENDOCYTIC_VESICLE_LUMEN,0.9917171970923346,1.7346746155224844,0.3333333333333333,1.0,1.0,2/21,0.84%,HP;HBA2
prerank,GOCC_ACROSOMAL_MEMBRANE,0.9963273626094595,1.73188016681959,0.22807017543859648,1.0,1.0,1/33,0.37%,TMEM190
prerank,GOCC_CILIARY_TIP,0.9914835493138288,1.7261665299395375,0.375,1.0,1.0,2/39,0.86%,GLI1;KIF7
prerank,GOCC_MITOCHONDRIA_ASSOCIATED_ENDOPLASMIC_RETICULUM_MEMBRANE_CONTACT_SITE,-0.43961254425327095,-1.694689783253514,0.020833333333333332,1.0,0.71,11/25,24.54%,TMX1;EIF2AK3;BCL2L10;ATAD3A;ATG5;ZFYVE1;SERAC1;FATE1;CANX;TMX2;VPS13A
prerank,GOCC_CYTOPLASMIC_DYNEIN_COMPLEX,-0.48469628975615053,-1.6628181896145013,0.02631578947368421,1.0,0.79,12/17,32.46%,TPR;DYNC2H1;DCTN4;DYNLT3;DYNLL2;DYNC1H1;DYNC1LI1;DYNLT1;NUDCD3;DYNLRB1;DYNLRB2;DYNLL1
prerank,GOCC_IONOTROPIC_GLUTAMATE_RECEPTOR_COMPLEX,0.9980675197215038,1.6569136197151824,0.08823529411764706,1.0,1.0,1/44,0.20%,GRIK5
prerank,GOCC_PHOTORECEPTOR_CONNECTING_CILIUM,0.9935851624645358,1.6470697502865264,0.31666666666666665,1.0,1.0,1/42,0.64%,FAM161A
prerank,GOCC_NEUROTRANSMITTER_RECEPTOR_COMPLEX,0.9980603528549257,1.6335916078982526,0.0821917808219178,1.0,1.0,1/56,0.20%,GRIK5
prerank,GOCC_IRON_SULFUR_CLUSTER_ASSEMBLY_COMPLEX,-0.48222391697292777,-1.6119588603435242,0.041666666666666664,1.0,0.89,9/17,36.16%,CIAO2B;CIAO3;NFS1;CIAO1;BOLA3;MMS19;ISCA1;NDUFAB1;FXN
prerank,GOCC_CUL2_RING_UBIQUITIN_LIGASE_COMPLEX,0.9972902029726674,1.5958506233763412,0.15625,1.0,1.0,2/35,0.28%,PRAMEF27;PRAMEF13
prerank,GOCC_IMMUNOLOGICAL_SYNAPSE,-0.34762073875537336,-1.5863686828670434,0.030303030303030304,0.9865145959667183,0.92,23/46,27.60%,ARHGDIA;VAV3;HAVCR2;MYH9;SCIMP;CD53;CD3E;RHOH;ZAP70;ATP2B1;FYB2;CALHM6;NEDD9;GZMA;ICAM1;NPTN;CD28;ALCAM;CD6;SCRIB;CD81;IL4I1;DUSP3
prerank,GOCC_SMOOTH_ENDOPLASMIC_RETICULUM,-0.4032742604946843,-1.5557895979567697,0.023809523809523808,0.9777605415315188,0.96,17/27,27.88%,TTYH1;SYVN1;SVIP;CASQ1;HSP90B1;RYR2;FTCD;PSEN1;CALR;GBA2;PGRMC1;TH;NAPEPLD;RYR3;APOB;HYOU1;JPH4
prerank,GOCC_HIPPOCAMPAL_MOSSY_FIBER_TO_CA3_SYNAPSE,0.9949781455584676,1.546616509570098,0.296875,1.0,1.0,2/44,0.51%,GRIK5;GPER1
prerank,GOCC_PHAGOCYTIC_VESICLE,-0.2546276800229806,-1.5348780089179856,0.0,0.9202980303671321,0.99,48/136,25.33%,CD36;ATP6V0E1;SNAP23;PLD4;ATP6V0A2;ZYX;ADAM8;ATP6V0C;VAMP4;CTSS;STXBP1;ANXA11;STX4;SNX3;ATG12;CYBA;GNLY;ATG5;SCIMP;BECN1;STXBP4;TCIRG1;RAB7B;MTOR;SYT7;TRIM14;ATP6V0B;IRGM;CALR;NOD1;ATP7A;RAB11A;ZDHHC5;LTF;TAP2;RAB9B;RILP;RAC2;GSN;ITGB5;VIM;MYO1C;RAB34;CDC42EP4;ATP6V0A4;LAMP1;TAP1;RAB5A
prerank,GOCC_ORGANELLE_MEMBRANE_CONTACT_SITE,-0.33375403536616094,-1.5325775620339668,0.029411764705882353,0.8022946592259806,0.99,20/54,22.40%,TMX1;TMCC1;EIF2AK3;SARAF;IMMT;BCL2L10;ATAD3A;ATG5;GRAMD1B;ZFYVE1;OSBPL1A;ESYT2;APOOL;SERAC1;SACM1L;FATE1;GRAMD1C;CANX;CHCHD6;TMX2
prerank,GOCC_ENDOPLASMIC_RETICULUM_GOLGI_INTERMEDIATE_COMPARTMENT,-0.2835600546009505,-1.5254265794209352,0.0,0.7457780989987307,0.99,50/129,26.10%,SURF4;PDIA6;PIEZO1;AZIN2;LAMP5;CA4;SERPINH1;CCDC115;SLC35C2;RAB1B;CNIH3;MGAT4A;TRAPPC5;FTCD;RAB37;NUCB1;PRRG4;FOLR1;ATP2A1;TBC1D20;SCYL1;MAN1A1;TMED5;GOLGA2;CALR;LMAN1;ASPSCR1;GOSR2;CNIH4;YIF1B;COPG1;COPB1;TMEM199;RAB6B;TAP2;KDELR1;CLN8;RER1;TM6SF2;COL7A1;PTPN2;UGGT2;MGAT4B;MPPE1;ERGIC3;PLPP3;SMO;TAP1;F5;ERGIC1
prerank,GOCC_MYELIN_SHEATH,0.9938659096805783,1.5177384830546894,0.4307692307692308,1.0,1.0,1/43,0.61%,CALML3
prerank,GOCC_DENDRITE_MEMBRANE,0.9945238128031988,1.4973048776145867,0.30434782608695654,1.0,1.0,2/44,0.56%,GPER1;MPP2
prerank,GOCC_PHAGOPHORE_ASSEMBLY_SITE_MEMBRANE,-0.3849230657410809,-1.496210326499681,0.07317073170731707,0.8125558219339069,1.0,10/22,24.30%,ATG12;RAB1B;WDR45;ATG2B;ATG5;ATG13;WIPI1;ATG16L2;RB1CC1;WDR45B
prerank,GOCC_ENDONUCLEASE_COMPLEX,-0.3624765614794777,-1.492967836005357,0.030303030303030304,0.7474615710054999,1.0,22/37,26.78%,RPP25;TARBP2;EME2;DROSHA;DGCR8;EME1;AGO1;ERN1;AGO4;DHX9;TSNAX;TSEN54;MUS81;PRKRA;POP7;RAG1;POP5;LAS1L;HSD17B10;TSN;TSEN2;RPP38
prerank,GOCC_KINESIN_COMPLEX,0.9912620152068451,1.4830392479618388,0.5666666666666667,1.0,1.0,1/47,0.86%,KIF7
prerank,GOCC_GERM_CELL_NUCLEUS,0.999630853770756,1.473778469075949,0.0,1.0,1.0,1/65,0.04%,TBPL2
prerank,GOCC_AXON_CYTOPLASM,0.9972659240311932,1.4686335879577699,0.10526315789473684,1.0,1.0,1/61,0.28%,NEFL
prerank,GOCC_COPI_COATED_VESICLE,-0.3695485018614989,-1.457829435401535,0.023809523809523808,0.8423481750233972,1.0,8/25,19.36%,CCDC115;SCYL1;PACSIN1;COPG1;COPB1;TMEM199;KDELR1;ARCN1
prerank,GOCC_TRANSCRIPTION_REPRESSOR_COMPLEX,0.9912108801925453,1.4418374637557656,0.5342465753424658,1.0,1.0,1/76,0.85%,LIN37
prerank,GOCC_SARCOPLASMIC_RETICULUM,0.9939419969831643,1.440780083324323,0.4492753623188406,1.0,1.0,1/71,0.60%,CCDC78
prerank,GOCC_DYNEIN_COMPLEX,-0.31967764464214254,-1.42723841052432,0.05555555555555555,0.9416220091195412,1.0,16/42,24.77%,CCDC65;TPR;DYNC2H1;DCTN4;DNAH14;DNAI1;DYNLT3;DYNLL2;CFAP70;DYNC1H1;DYNC1LI1;DNAI2;DNAH1;DNAH9;DYNLT1;NUDCD3
prerank,GOCC_SPERM_PLASMA_MEMBRANE,-0.4279330467132914,-1.414889510540024,0.05660377358490566,0.933420478830153,1.0,5/15,23.81%,HSP90B1;HSP90AA1;ADAM29;ABHD2;ADAM20
prerank,GOCC_TERTIARY_GRANULE_LUMEN,0.9938442683459554,1.4041229599220804,0.36764705882352944,1.0,1.0,2/52,0.62%,FLG2;HP
prerank,GOCC_ENDOPLASMIC_RETICULUM_QUALITY_CONTROL_COMPARTMENT,-0.3850302894666108,-1.3991635629296253,0.06666666666666667,0.9533261478332697,1.0,9/23,21.69%,FBXO6;EDEM1;SYVN1;SEC61B;HERPUD1;CALR;EDEM2;CANX;UGGT2
prerank,GOCC_MITOCHONDRIAL_PROTEIN_CONTAINING_COMPLEX,0.997413904042165,1.3796081102790254,0.14285714285714285,1.0,1.0,1/93,0.26%,SLC25A31
prerank,GOCC_U2_TYPE_CATALYTIC_STEP_2_SPLICEOSOME,-0.3518266182007023,-1.3771392848005175,0.08888888888888889,1.0,1.0,10/30,15.17%,CDC40;DHX8;SYF2;RBM22;SNRPD3;SNRNP40;CWC22;BCAS2;XAB2;SNRPB
prerank,GOCC_ENDOPLASMIC_RETICULUM_EXIT_SITE,-0.3592196350913686,-1.3765828565796794,0.1388888888888889,0.9461112678042589,1.0,13/28,26.99%,SURF4;TFG;SAR1B;SEC16A;TMED5;MIA2;SEC31A;MPPE1;PLPP3;SEC23A;VAPB;APOB;PDCD6
prerank,GOCC_CILIARY_TRANSITION_ZONE,0.991783194527615,1.3610416242348697,0.5428571428571428,1.0,1.0,3/72,0.83%,FAM161A;MKS1;CEP131
prerank,GOCC_INNER_MITOCHONDRIAL_MEMBRANE_PROTEIN_COMPLEX,-0.294184201088924,-1.360310994262619,0.0,0.9696798758990269,1.0,14/47,14.61%,TIMM21;ROMO1;MICU3;IMMT;TIMM44;TIMM23;MCUB;PDSS1;DNAJC15;MTX1;TIMM17A;HSPA9;GRPEL2;APOOL
prerank,GOCC_KERATIN_FILAMENT,0.9949636596449869,1.3594025813843278,0.30434782608695654,1.0,1.0,2/67,0.51%,KRTAP1-1;GPER1
prerank,GOCC_SPECIFIC_GRANULE_LUMEN,0.993724688412525,1.3571685400745637,0.38028169014084506,1.0,1.0,1/60,0.62%,HP
prerank,GOCC_AMPA_GLUTAMATE_RECEPTOR_COMPLEX,-0.3403226357647381,-1.3516091751984787,0.1111111111111111,0.967435246556668,1.0,7/30,8.40%,CACNG8;CPT1C;GRID1;VWC2L;OLFM3;CNIH3;CACNG5
prerank,GOCC_NEURONAL_DENSE_CORE_VESICLE,-0.35066843027891065,-1.345738653220628,0.1891891891891892,0.9498326269771171,1.0,10/30,16.63%,SCG2;DMXL2;NPY;PLCB2;CALCA;SYT5;CACNA2D1;AVP;SYT4;IGF1
prerank,GOCC_COLLAGEN_TRIMER,0.9946407844402048,1.3414617325613927,0.3375,1.0,1.0,1/82,0.53%,COL19A1
prerank,GOCC_NEUROMUSCULAR_JUNCTION,0.9910533631690409,1.3396223668430893,0.6111111111111112,1.0,1.0,2/80,0.90%,NEFL;F2R
prerank,GOCC_PRONUCLEUS,0.6288555483595489,1.3391662178038426,0.23728813559322035,1.0,1.0,6/15,10.39%,DPPA3;HNRNPL;AURKA;METTL23;PLCZ1;EED
prerank,GOCC_NUCLEAR_MATRIX,-0.2428344310886467,-1.33697586900952,0.0,0.9454378790015513,1.0,38/125,22.16%,DCAF7;HLTF;CASK;HNRNPU;ATXN7;PSPC1;LMNA;TEP1;SRPK1;PHF5A;CENPW;RGS12;ZNF350;PHACTR3;CLIC4;MYB;ZNF703;STAG2;BASP1;ALOX5;HAT1;MAEA;KRT8;NONO;RAD21;PRKCD;PML;BRD7;AHCTF1;ATXN3;LRIF1;GMCL2;SPTBN4;GMCL1;HLCS;RNASEL;ARID2;VIM
prerank,GOCC_PROTON_TRANSPORTING_V_TYPE_ATPASE_COMPLEX,-0.374320557804711,-1.3344627808636518,0.06896551724137931,0.9113195129976965,1.0,10/27,16.29%,ATP6V0E1;ATP6V0A2;ATP6V0C;CCDC115;ATP6V1E1;ATP6V1A;ATP6V1D;TCIRG1;ATP6V0B;TMEM199
prerank,GOCC_RNAI_EFFECTOR_COMPLEX,-0.3863933203075216,-1.3328591806223664,0.11904761904761904,0.8784663017140806,1.0,7/15,23.94%,TARBP2;AGO1;AGO4;DHX9;PRKRA;DCP2;SND1
prerank,GOCC_NEURON_PROJECTION_MEMBRANE,0.9945086399345644,1.3219616517610806,0.36,1.0,1.0,2/63,0.56%,GPER1;MPP2
prerank,GOCC_CONDENSED_NUCLEAR_CHROMOSOME,-0.2926140180979366,-1.315509191441756,0.047619047619047616,0.9193221045661064,1.0,31/76,25.90%,INCENP;RPA1;PLK1;TEX11;TUBG1;RGS12;SUN2;SYCE2;NCAPH2;TOPBP1;PSMC3IP;DMC1;SYCP3;HUS1;REC8;NEK2;RCC1;RAD21;RAD9A;CDX2;SYCP1;CCNB1IP1;RNF212B;KIFAP3;NCAPD2;RAD50;RAD1;BRCA1;SYCE3;ADD3;UBE2I
prerank,GOCC_SCHAFFER_COLLATERAL_CA1_SYNAPSE,0.9972463260334281,1.3094481156503182,0.05555555555555555,1.0,1.0,1/97,0.28%,NEFL
prerank,GOCC_MULTIVESICULAR_BODY_MEMBRANE,-0.3376795044209515,-1.3093140997443466,0.125,0.9101971983265172,1.0,10/28,15.95%,SLC9A8;SORL1;CHMP2A;LAPTM4B;ABCB6;TMEM9;CHMP1B;PMEL;CD63;NDFIP2
prerank,GOCC_CORNIFIED_ENVELOPE,0.9990124270916665,1.3082914139653898,0.029411764705882353,1.0,1.0,1/58,0.10%,FLG2
prerank,GOCC_COPI_COATED_VESICLE_MEMBRANE,-0.35856447644719386,-1.303946468552664,0.1282051282051282,0.8991087293752644,1.0,6/18,19.36%,SCYL1;COPG1;COPB1;TMEM199;KDELR1;ARCN1
prerank,GOCC_CAVEOLA,0.9905686492229844,1.300513771196837,0.6805555555555556,1.0,1.0,1/79,0.90%,F2R
prerank,GOCC_PHOTORECEPTOR_INNER_SEGMENT,0.9936650583063251,1.2957932123566251,0.31343283582089554,1.0,1.0,2/61,0.64%,GUCA1B;FAM161A
prerank,GOCC_PRESYNAPTIC_ACTIVE_ZONE_MEMBRANE,-0.32556943511403547,-1.2936162116799896,0.11320754716981132,0.9142547975223198,1.0,17/31,35.34%,NECTIN1;ADRA2A;KCTD8;GABRB1;CACNA2D1;KCNJ8;STX2;NTNG1;CDH10;ATP2B4;APBA1;FZD3;ITGA3;GPM6A;GRIA1;P2RY1;STX1A
prerank,GOCC_RECYCLING_ENDOSOME_MEMBRANE,0.990914896386701,1.2920745542632999,0.6081081081081081,1.0,1.0,1/97,0.86%,MCOLN2
prerank,GOCC_ROUGH_ENDOPLASMIC_RETICULUM_MEMBRANE,-0.32623572992012895,-1.2877494911420089,0.12195121951219512,0.9023409956282611,1.0,6/23,11.93%,MACO1;ALG5;SEC61B;ZC3H12A;SEC61A2;SSR4
prerank,GOCC_PODOSOME,-0.3020652336290496,-1.284568425804737,0.1388888888888889,0.886468259564438,1.0,17/42,24.74%,FLNA;ADAM8;ARAP1;SCIN;PALLD;SH3GL1;RHOU;SRC;AFAP1L1;BIN2;GSN;PTPN12;SCN8A;KIF9;CD2AP;SH3PXD2B;TPM4
prerank,GOCC_SPINDLE_MICROTUBULE,0.9935128189646544,1.281286705133343,0.4714285714285714,1.0,1.0,1/79,0.64%,FAM161A
prerank,GOCC_NEURON_PROJECTION_CYTOPLASM,0.9972527990756579,1.2788729504609364,0.1125,1.0,1.0,1/88,0.28%,NEFL
prerank,GOCC_AZUROPHIL_GRANULE_MEMBRANE,-0.2710186576000163,-1.277993062527185,0.1951219512195122,0.8879444074324423,1.0,12/55,12.98%,SURF4;NDUFC2;ATP6V0C;GAA;B4GALT1;FPR1;RAB44;RAB37;PSEN1;MGST1;ATP11B;CD63
prerank,GOCC_PHOTORECEPTOR_OUTER_SEGMENT,0.9952154631845408,1.27450985762742,0.3157894736842105,1.0,1.0,1/83,0.48%,GUCA1B
prerank,GOCC_U2_TYPE_SPLICEOSOMAL_COMPLEX,0.999163342622395,1.2735882249503108,0.0136986301369863,1.0,1.0,1/93,0.08%,RNF113B
prerank,GOCC_PHAGOCYTIC_VESICLE_MEMBRANE,-0.24148667738916468,-1.2729160889472837,0.0,0.8839350350209185,1.0,29/74,29.04%,ATP6V0E1;SNAP23;ATP6V0A2;ATP6V0C;STX4;ATG12;CYBA;ATG5;TCIRG1;RAB7B;SYT7;ATP6V0B;IRGM;CALR;ATP7A;TAP2;RAB9B;RILP;RAC2;RAB34;ATP6V0A4;LAMP1;TAP1;RAB5A;MCOLN1;APPL2;ATP6V0A1;TLR2;RAB7A
prerank,GOCC_ATPASE_DEPENDENT_TRANSMEMBRANE_TRANSPORT_COMPLEX,-0.27907054518401897,-1.269745738723771,0.14814814814814814,0.8662821113542383,1.0,15/53,13.05%,ATP6V0E1;ATP6V0A2;FXYD2;ATP6V0C;CCDC115;ATP4B;ATP1B4;ATP6V1E1;ATP6V1A;ATP6V1D;ATP1A2;ABCB6;TCIRG1;KCNJ8;ATP6V0B
prerank,GOCC_CYTOPLASMIC_MICROTUBULE,0.9936432612180062,1.2639560144379538,0.37037037037037035,1.0,1.0,2/92,0.64%,CFAP77;FAM161A
prerank,GOCC_DENDRITE_TERMINUS,-0.36526913018926394,-1.261921389701399,0.16666666666666666,0.874142839514878,1.0,8/15,28.45%,IFT57;MAP2;HSP90AA1;IFT52;TAOK2;IFT20;COBL;HSP90AB1
prerank,GOCC_CIS_GOLGI_NETWORK,-0.27710270777181234,-1.260482686711555,0.125,0.8537753789481332,1.0,18/58,19.63%,AZIN2;FKTN;SLC35C2;RNF183;UBXN2A;GOLGA8O;GOLGA8B;TRAPPC3;GOLGA5;AKAP9;SCYL1;PMEL;TMED5;GOLGA2;BLZF1;KDELR1;IFT20;TMEM165
prerank,GOCC_ENDOPLASMIC_RETICULUM_GOLGI_INTERMEDIATE_COMPARTMENT_MEMBRANE,-0.2569105935094963,-1.2576506218453,0.12903225806451613,0.8377748927804094,1.0,29/77,26.10%,SURF4;PIEZO1;AZIN2;LAMP5;SLC35C2;RAB1B;CNIH3;PRRG4;FOLR1;TBC1D20;TMED5;GOLGA2;CALR;LMAN1;ASPSCR1;GOSR2;YIF1B;TMEM199;TAP2;KDELR1;CLN8;TM6SF2;COL7A1;MPPE1;ERGIC3;PLPP3;TAP1;F5;ERGIC1
prerank,GOCC_SARCOPLASM,0.9939166130113337,1.255315516907102,0.5,1.0,1.0,1/92,0.60%,CCDC78
prerank,GOCC_PROTON_TRANSPORTING_TWO_SECTOR_ATPASE_COMPLEX_PROTON_TRANSPORTING_DOMAIN,-0.40542135919456784,-1.2540340163096912,0.17142857142857143,0.8276910369280981,1.0,6/15,13.05%,ATP6V0E1;ATP6V0A2;ATP6V0C;TCIRG1;ATP5MC1;ATP6V0B
prerank,GOCC_MLL1_2_COMPLEX,-0.315879782475155,-1.2538607470281877,0.11363636363636363,0.8050737241260439,1.0,11/31,19.80%,SENP3;KMT2A;TAF1;PRPF31;TEX10;TAF6;WDR5;PELP1;ASH2L;INO80C;DPY30
prerank,GOCC_MRNA_CLEAVAGE_FACTOR_COMPLEX,-0.3025225320134838,-1.253217676697439,0.2,0.7858629324572067,1.0,6/21,16.31%,CPSF6;NUDT21;SYMPK;PCF11;CSTF2;ZC3H3
prerank,GOCC_PRESYNAPTIC_ACTIVE_ZONE,0.9948769251708779,1.2472848766999127,0.3380281690140845,1.0,1.0,1/77,0.51%,GPER1
prerank,GOCC_PML_BODY,0.9922911961409977,1.2435273706014964,0.589041095890411,1.0,1.0,1/104,0.75%,KAT6A
prerank,GOCC_PHAGOCYTIC_CUP,-0.33416961478849777,-1.2358111623946653,0.175,0.8353565305168154,1.0,13/30,27.64%,ABCA7;RAC1;TLR4;MYO1G;IRGM;SH3BP1;ARHGAP25;BIN2;PIP5K1C;RAB11FIP2;PEAR1;MCOLN1;MEGF10
prerank,GOCC_PIGMENT_GRANULE,0.9911756126828328,1.2352712824020529,0.7023809523809523,1.0,1.0,2/107,0.87%,GPR143;GCHFR
prerank,GOCC_SMN_SM_PROTEIN_COMPLEX,-0.3826626093383312,-1.2332302978304035,0.16071428571428573,0.8225703220767386,1.0,6/16,27.51%,SNRPD3;GEMIN6;STRAP;SNRPB;GEMIN2;SNRPE
prerank,GOCC_ACETYLTRANSFERASE_COMPLEX,0.9922822737633725,1.2260395736266718,0.5194805194805194,1.0,1.0,1/96,0.75%,KAT6A
prerank,GOCC_GOLGI_LUMEN,0.9954259917765382,1.222803988609622,0.2962962962962963,1.0,1.0,1/101,0.45%,F7
prerank,GOCC_INTERCELLULAR_BRIDGE,0.991642137727482,1.216442885799193,0.581081081081081,1.0,1.0,2/95,0.83%,FAM83D;CEP131
prerank,GOCC_BRUSH_BORDER_MEMBRANE,-0.263336390230863,-1.2143313008275212,0.15151515151515152,0.8777623043294316,1.0,22/57,25.09%,CD36;SLC7A11;CA4;SLC19A1;SLC26A4;B4GALT1;SLC22A5;PDZK1;FOLR1;HSP90AA1;SLC28A3;PEX19;SLC34A3;PLB1;MFSD10;LIMA1;SLC34A1;SLC28A2;SLC26A6;SLC7A9;ATP6V0A4;SHANK2
prerank,GOCC_CELL_CELL_CONTACT_ZONE,0.99680822408109,1.205589216381613,0.20833333333333334,1.0,1.0,1/71,0.32%,OPALIN
prerank,GOCC_PROTEIN_DNA_COMPLEX,0.9925272548779148,1.2042176914519667,0.45054945054945056,1.0,1.0,2/142,0.75%,MYOG;KAT6A
prerank,GOCC_PROTON_TRANSPORTING_TWO_SECTOR_ATPASE_COMPLEX,-0.2934465097877863,-1.200387543522443,0.16666666666666666,0.9190935951102566,1.0,12/46,13.05%,ATP6V0E1;ATP6V0A2;ATP6V0C;CCDC115;ATP6V1E1;ATP6V1A;ATP6V1D;ATP5MGL;TCIRG1;ATP5MC1;ATP5PD;ATP6V0B
prerank,GOCC_CYTOPLASMIC_STRESS_GRANULE,0.9970213589430822,1.195078067354488,0.225,1.0,1.0,1/86,0.30%,RBFOX1
prerank,GOCC_LYSOSOMAL_LUMEN,-0.22662526266522035,-1.1923704537427111,0.21739130434782608,0.9273525797288313,1.0,24/97,15.08%,GM2A;IDS;CD1E;CTSS;GAA;NEU1;PPT1;KERA;GYG1;PLD3;CTSF;SPACA7;IFI30;LIPA;CD74;ACP2;HSP90AA1;TPP1;TXNDC5;CSF3;HEXB;HEXA;OGN;BCAN
prerank,GOCC_BLOOD_MICROPARTICLE,0.9915964332320615,1.1918373749560185,0.6704545454545454,1.0,1.0,2/111,0.84%,HP;HBA2
prerank,GOCC_DENSE_CORE_GRANULE,-0.2882885955679289,-1.1913431911417258,0.2222222222222222,0.9114239143624576,1.0,17/46,25.58%,ADAM8;SCG2;DMXL2;NPY;PLCB2;CALCA;SYT5;CACNA2D1;SYT7;AVP;VPS13C;SYT4;IGF1;SYT9;SLC6A9;VPS13A;SLC6A5
prerank,GOCC_TERTIARY_GRANULE_MEMBRANE,-0.22241935031895255,-1.1862156972603584,0.17142857142857143,0.9109113985718132,1.0,12/71,8.79%,CD300A;SNAP23;MGAM;SVIP;ADAM8;SIRPA;ATP6V0C;GAA;PTAFR;CYBA;LAMTOR3;CD53
prerank,GOCC_FILOPODIUM_MEMBRANE,-0.36118647286747546,-1.18446182749159,0.2127659574468085,0.9002460082420596,1.0,10/17,32.34%,TTYH1;NF2;FZD9;TBC1D10C;MYO10;SYNE2;ANTXR1;ITGA3;GAP43;ITGB3
prerank,GOCC_NUCLEAR_INNER_MEMBRANE,-0.2741465702812121,-1.1842409526457751,0.24242424242424243,0.8809682205858007,1.0,22/50,28.99%,ATP1B4;SPAG4;SIRT1;SUN2;TMEM43;ERN1;SUN5;ATP11B;NEMP2;LBR;CBX3;MFSD10;FAM169A;SIGMAR1;MAJIN;NRM;TERB1;SMAD1;LEMD2;NPAP1;IFFO1;TMEM120A
prerank,GOCC_DNA_POLYMERASE_COMPLEX,-0.35119457736400816,-1.1829909015694142,0.20512820512820512,0.8656627970126952,1.0,6/20,13.32%,POLE2;POLE3;POLD4;PRIM2;POLE4;CRCP
prerank,GOCC_SITE_OF_DOUBLE_STRAND_BREAK,-0.2408053483348722,-1.1824066421229136,0.25,0.8501533634184177,1.0,30/95,25.84%,ATF2;RNF168;TONSL;PAXX;RPA1;LMNA;FH;DGCR8;XRCC4;WRAP53;WDR70;AIM2;CNTD1;PELI1;TOPBP1;DMC1;NABP2;HUS1;MDC1;PARP1;STK38;RAD17;SIRT6;POLH;ARPC1A;RAD50;TP53;RHNO1;PRPF19;UFL1
prerank,GOCC_TRANS_GOLGI_NETWORK_MEMBRANE,-0.23069560831404867,-1.1750674531604233,0.16666666666666666,0.8624873726108693,1.0,38/94,30.70%,RHOBTB3;IGF2R;PLD4;SCAMP2;SLC9A8;AP1S3;VAMP4;RGP1;ARFIP2;FCMR;COG1;RABEPK;RIC1;CD74;LGR6;AFTPH;ATP7A;RAB11A;VPS51;AP4M1;AP1M2;TMEM165;AP1S1;COG5;ATP7B;AP1G1;LGR5;VTI1A;CD2AP;CLBA1;SCAMP1;RAB11FIP3;TMEM79;NSG1;VPS53;AP4S1;ARFRP1;CALN1
prerank,GOCC_MRNA_CLEAVAGE_AND_POLYADENYLATION_SPECIFICITY_FACTOR_COMPLEX,-0.29611058896514353,-1.1720114766933944,0.18421052631578946,0.8562812015230573,1.0,5/17,16.31%,CPSF6;NUDT21;SYMPK;CSTF2;ZC3H3
prerank,GOCC_OUTER_MITOCHONDRIAL_MEMBRANE_PROTEIN_COMPLEX,-0.3215849166366071,-1.1708157370327756,0.2894736842105263,0.8442447067672083,1.0,7/22,21.84%,IMMT;TOMM22;MTX1;HSPA9;APOOL;TOMM6;CHCHD6
prerank,GOCC_9PLUS0_NON_MOTILE_CILIUM,0.9936208175691754,1.1672945418679845,0.45121951219512196,1.0,1.0,2/119,0.64%,GUCA1B;FAM161A
prerank,GOCC_PLASMA_MEMBRANE_RAFT,0.9903587592627524,1.1661181050373752,0.7948717948717948,1.0,1.0,1/113,0.90%,F2R
prerank,GOCC_PEPTIDASE_COMPLEX,0.9954092189599852,1.1637050409398526,0.25287356321839083,1.0,1.0,1/122,0.45%,F7
prerank,GOCC_PHAGOPHORE_ASSEMBLY_SITE,-0.26963296566920125,-1.162574706430617,0.2903225806451613,0.8596067062256597,1.0,14/38,24.99%,ATG12;RAB1B;WDR45;ATG2B;ATG5;BECN1;ZFYVE1;ATG13;WIPI1;ATG16L2;SNX7;RB1CC1;WDR45B;TAX1BP1
prerank,GOCC_NEURON_PROJECTION_TERMINUS,0.9949350292433,1.159594523211423,0.25,1.0,1.0,2/124,0.51%,SLC8A2;GPER1
prerank,GOCC_POSTSYNAPTIC_DENSITY_MEMBRANE,0.998024406375604,1.1586160820031841,0.10344827586206896,1.0,1.0,1/118,0.20%,GRIK5
prerank,GOCC_CCR4_NOT_COMPLEX,-0.34852498759268413,-1.1524271088043818,0.2564102564102564,0.8804876231630315,1.0,6/16,16.10%,CPEB3;TNKS1BP1;CNOT11;CNOT6L;CNOT8;CNOT9
prerank,GOCC_TIGHT_JUNCTION,0.991029263552821,1.1521712039452594,0.7816091954022989,1.0,1.0,2/128,0.88%,OCEL1;MAGI3
prerank,GOCC_CENTRIOLAR_SATELLITE,0.9911661118279825,1.1513555876341528,0.7906976744186046,1.0,1.0,1/138,0.83%,CEP131
prerank,GOCC_P_BODY,0.9973016088191489,1.1502642986159666,0.18421052631578946,1.0,1.0,1/96,0.27%,TRIM71
prerank,GOCC_POTASSIUM_CHANNEL_COMPLEX,0.9929853583335875,1.1501648875640695,0.5540540540540541,1.0,1.0,4/95,0.72%,LRRC38;GRIK5;HCN4;KCNMB3
prerank,GOCC_SARCOLEMMA,0.9940095263198803,1.149435664436174,0.34831460674157305,1.0,1.0,2/133,0.60%,SLC8A2;CCDC78
prerank,GOCC_APICAL_JUNCTION_COMPLEX,0.9910000856068402,1.1425328139654114,0.7666666666666667,1.0,1.0,2/146,0.88%,OCEL1;MAGI3
prerank,GOCC_PERIKARYON,0.995626565274279,1.1422884585291302,0.29411764705882354,1.0,1.0,1/146,0.43%,SLC8A2
prerank,GOCC_TERTIARY_GRANULE,0.9937700648817117,1.1416251044616976,0.3953488372093023,1.0,1.0,2/159,0.62%,FLG2;HP
prerank,GOCC_GABA_ERGIC_SYNAPSE,-0.2151394865229324,-1.1404541302875875,0.15,0.9103218999566483,1.0,34/111,23.97%,TRPV1;LAMP5;SUMO2;LRFN4;ADRA2A;PLCB1;GRID1;ATP2B3;NPY;GNAO1;GAD1;GABRB3;NLGN4X;ERC2;GABRB1;GABBR1;KIF5C;CACNA2D1;CNTNAP2;GABRA3;LPAR1;ZDHHC5;ERBB4;CNTN5;SLC6A11;NSF;FGF7;SV2A;SLITRK3;CDH10;CNR1;GABRR1;STRN4;GABRA2
prerank,GOCC_CLATHRIN_ADAPTOR_COMPLEX,-0.29872821445790004,-1.137983552798438,0.2857142857142857,0.9055242881501517,1.0,11/28,25.11%,AP1S3;AP3B1;SGIP1;EPS15;AFTPH;AP4M1;AP1M2;STON1;AP1S1;AP1G1;CLBA1
prerank,GOCC_ACROSOMAL_VESICLE,0.9918198609515269,1.137207401630255,0.686046511627907,1.0,1.0,4/141,0.83%,TMEM190;KIT;ICA1L;CEP131
prerank,GOCC_FIBRILLAR_CENTER,0.9913625729639757,1.1329301920179617,0.6219512195121951,1.0,1.0,2/155,0.86%,KIT;KIF7
prerank,GOCC_SPECIFIC_GRANULE,0.993579240158716,1.1314714715353171,0.43529411764705883,1.0,1.0,1/156,0.62%,HP
prerank,GOCC_LATE_ENDOSOME_MEMBRANE,0.9904841351911773,1.1310308233161097,0.8117647058823529,1.0,1.0,1/157,0.86%,MCOLN2
prerank,GOCC_MITOTIC_SPINDLE,0.9930252737232181,1.1283894330162727,0.4574468085106383,1.0,1.0,3/181,0.70%,CXCR2;FAM161A;FAM83D
prerank,GOCC_CILIARY_PLASM,0.996001224163793,1.1275409067356088,0.25,1.0,1.0,2/146,0.40%,GLI1;CFAP77
prerank,GOCC_NEURON_SPINE,0.9945269111169044,1.1173181688399159,0.3829787234042553,1.0,1.0,3/163,0.56%,SLC8A2;GPER1;MPP2
prerank,GOCC_SPINDLE_POLE,0.9928930324067189,1.1126604988294344,0.6179775280898876,1.0,1.0,2/175,0.70%,FAM161A;FAM83D
prerank,GOCC_GLIAL_CELL_PROJECTION,-0.25462294420199416,-1.1071999322701493,0.3,1.0,1.0,16/47,25.83%,SLC7A11;ABCA7;AQP4;SCN7A;DNAI1;SYT4;ADGRG1;ADCY10;CETN2;MAPT;ERMN;DNAI2;HEPACAM;DNAH9;SLC1A1;GRM5
prerank,GOCC_9PLUS2_MOTILE_CILIUM,0.9932773692519182,1.1051885743246412,0.5348837209302325,1.0,1.0,2/199,0.67%,CFAP77;TSGA10
prerank,GOCC_PRESYNAPTIC_MEMBRANE,0.9949077190819999,1.1040406130053166,0.32941176470588235,1.0,1.0,2/172,0.51%,GRIK5;GPER1
prerank,GOCC_SYNAPTONEMAL_STRUCTURE,-0.25636592493123855,-1.1028736511797257,0.24390243902439024,1.0,1.0,14/38,25.90%,INCENP;RPA1;PLK1;TEX11;SYCE2;DMC1;SYCP3;REC8;SYCP1;CCNB1IP1;RNF212B;BRCA1;SYCE3;UBE2I
prerank,GOCC_SITE_OF_POLARIZED_GROWTH,0.9971953478768446,1.1026177491632547,0.13186813186813187,1.0,1.0,1/170,0.28%,NEFL
prerank,GOCC_AXONEMAL_A_TUBULE_INNER_SHEATH,-0.34045495865976944,-1.0980676741932944,0.41304347826086957,1.0,1.0,5/16,13.02%,TEKT2;RIBC2;TEKT1;CFAP53;SPAG8
prerank,GOCC_MICROTUBULE_ASSOCIATED_COMPLEX,0.990853672953956,1.0940865182231312,0.8433734939759037,1.0,1.0,1/142,0.86%,KIF7
prerank,GOCC_PLASMA_MEMBRANE_SIGNALING_RECEPTOR_COMPLEX,0.9979845823817831,1.093807106613862,0.10989010989010989,1.0,1.0,1/191,0.20%,GRIK5
prerank,GOCC_FICOLIN_1_RICH_GRANULE_MEMBRANE,-0.2296390663998578,-1.0922848614823428,0.3103448275862069,1.0,1.0,21/60,25.64%,CD300A;MGAM;ADAM8;RAC1;SIRPA;ATP6V0C;GAA;FPR1;TBC1D10C;TCIRG1;DSG1;COPB1;ATAD3B;ADGRE3;FPR2;DYNC1LI1;NFASC;DOK3;FCER1G;LAMP1;PKP1
prerank,GOCC_SARCOPLASMIC_RETICULUM_MEMBRANE,-0.25111249199240643,-1.091028219315183,0.3023255813953488,1.0,1.0,16/41,23.20%,AKAP6;CASQ1;CHERP;RYR2;ATP2A1;SLN;ATP2A3;TMEM38A;SYNE2;SRL;REEP5;PLN;CAMK2G;ATP2A2;TMEM109;RYR3
prerank,GOCC_RECYCLING_ENDOSOME,0.9912627868228449,1.0908700130932334,0.6704545454545454,1.0,1.0,2/195,0.86%,GPER1;MCOLN2
prerank,GOCC_METHYLTRANSFERASE_COMPLEX,-0.20580138658442498,-1.0903038822220006,0.3,1.0,1.0,32/105,21.67%,CLNS1A;SENP3;KMT2A;SNRPD3;JARID2;PRMT1;HDAC2;RAMAC;TAF1;PRPF31;SIRT1;RIOK1;NCOA6;TEX10;TAF6;VIRMA;WDR5;SNRPB;TRIM37;PELP1;THUMPD2;ASH2L;INO80C;KMT2D;KDM6B;HDAC9;DPY30;WDR82;TRMT11;KMT2C;METTL4;METTL1
prerank,GOCC_NON_MOTILE_CILIUM,0.9935931458580854,1.0899361863795918,0.4880952380952381,1.0,1.0,2/154,0.64%,GUCA1B;FAM161A
prerank,GOCC_TRANS_GOLGI_NETWORK,0.994866568638159,1.088284768137557,0.2765957446808511,1.0,1.0,2/241,0.51%,RBFOX1;GPER1
prerank,GOCC_SPLICEOSOMAL_COMPLEX,0.9991134076047907,1.0837741510226657,0.021739130434782608,1.0,1.0,1/186,0.08%,RNF113B
prerank,GOCC_AZUROPHIL_GRANULE,-0.1953493466078267,-1.082644565749293,0.26666666666666666,1.0,1.0,30/145,15.26%,SURF4;NDUFC2;GM2A;SNAP23;DNAJC3;LYZ;ATP6V0C;GAA;ANXA11;B4GALT1;PLAC8;FPR1;RAB44;RAB37;PSEN1;MGST1;PRTN3;ATP11B;SERPINB3;PRDX6;TXNDC5;TOLLIP;HEXB;CTSG;CD63;CREG1;HEXA;SERPINA3;PSMD1;GRN
prerank,GOCC_PARALLEL_FIBER_TO_PURKINJE_CELL_SYNAPSE,-0.3000491537604163,-1.080394547020115,0.36363636363636365,1.0,1.0,6/23,15.69%,STXBP1;ATP2B3;GNAO1;CBLN1;PPP3R1;CNTN6
prerank,GOCC_CENTRIOLE,0.9918491966323891,1.0779637228419756,0.6551724137931034,1.0,1.0,5/157,0.83%,CCDC78;FAM161A;TSGA10;MKS1;CEP131
prerank,GOCC_EXCITATORY_SYNAPSE,-0.224349640297489,-1.0762600061288705,0.3235294117647059,1.0,1.0,15/65,15.69%,SHANK1;STXBP1;ATP2B3;GNAO1;LRRC4;NLGN4X;CBLN1;PALLD;AKAP5;PPP3R1;FGFR2;ADGRB3;PLXNA4;GRN;CNTN6
prerank,GOCC_SPLICEOSOMAL_TRI_SNRNP_COMPLEX,-0.26691120605987256,-1.0758633405558857,0.3939393939393939,1.0,1.0,9/37,15.17%,RBM42;SNRNP27;SNRPD3;PRPF31;ZMAT2;TXNL4A;SNRNP40;PRPF4;SNRPB
prerank,GOCC_POSTSYNAPTIC_SPECIALIZATION_MEMBRANE,0.9980072483540946,1.0749431942891434,0.08045977011494253,1.0,1.0,1/146,0.20%,GRIK5
prerank,GOCC_CYTOPLASMIC_SIDE_OF_PLASMA_MEMBRANE,0.9950330626961044,1.0733866259752023,0.36046511627906974,1.0,1.0,1/154,0.49%,KIT
prerank,GOCC_MEMBRANE_COAT,-0.19852246583972186,-1.071717680511832,0.3333333333333333,0.9998803434144008,1.0,34/94,29.35%,IGF2R;AP3S2;AP1S3;AP3B1;SGIP1;CHMP2A;SEC13;EPS15;CHMP1B;SAR1B;SCYL1;SEC31A;AFTPH;COPG1;COPB1;AP4M1;AP1M2;ARCN1;STON1;AP1S1;AP1G1;SEC23A;CLBA1;NECAP1;KCNQ5;BAIAP2L2;SCLT1;VPS33A;PDCD6;COPB2;AP3D1;VPS39;AP4S1;ENTHD1
prerank,GOCC_LEADING_EDGE_MEMBRANE,0.9944305071472107,1.06803655667853,0.33695652173913043,1.0,1.0,2/179,0.56%,GPER1;MPP2
prerank,GOCC_DENDRITE_CYTOPLASM,-0.2812243186139986,-1.0637285687971396,0.4,1.0,1.0,5/28,12.39%,KIF17;MAP2;WASF1;KIF5C;ABHD13
prerank,GOCC_ENDOCYTIC_VESICLE_MEMBRANE,-0.17177177929127674,-1.060759424994395,0.2857142857142857,1.0,1.0,60/186,29.04%,CD36;IGF2R;FZD5;ATP6V0E1;SNAP23;CACNG8;ATP6V0A2;ATP6V0C;VAMP4;LDLRAP1;STX4;UBA52;SGIP1;ATG12;CYBA;ARRB2;EPGN;EPS15;ATG5;LDLR;COLEC12;CD74;TCIRG1;RAB7B;APOE;WNT3A;SYT7;AVP;ATP6V0B;IRGM;CALR;ATP7A;RAB11A;TAP2;GPR161;RAB9B;WNT5A;STAB1;RILP;SYT9;RAC2;STON1;CAMK2G;DYNC1LI1;RAB34;CACNG3;ATP6V0A4;SMO;LAMP1;TAP1;RAB5A;RAB11FIP3;MCOLN1;APOB;APPL2;ATP6V0A1;CACNG2;UBB;TLR2;RAB7A
prerank,GOCC_EARLY_ENDOSOME_MEMBRANE,0.9945003285879364,1.0573053910461068,0.29347826086956524,1.0,1.0,2/183,0.55%,OR51E2;KREMEN2
prerank,GOCC_VACUOLAR_LUMEN,-0.17826155039754008,-1.0555993781537156,0.625,1.0,1.0,36/169,15.26%,GM2A;IDS;DNAJC3;LYZ;CD1E;CTSS;GAA;NEU1;PPT1;KERA;PLAC8;GYG1;PLD3;CTSF;SPACA7;IFI30;LIPA;CD74;PRTN3;ACP2;SERPINB3;HSP90AA1;PRDX6;TPP1;TXNDC5;TOLLIP;CSF3;HEXB;CTSG;CREG1;HEXA;OGN;SERPINA3;BCAN;PSMD1;GRN
prerank,GOCC_PHOTORECEPTOR_OUTER_SEGMENT_MEMBRANE,-0.3205156385761442,-1.0546223304290168,0.40816326530612246,1.0,1.0,9/15,32.97%,PDE6H;PDE6B;ROM1;NAPEPLD;GNAT2;DHRS3;GNAT1;PHLPP2;PDE6A
prerank,GOCC_GOLGI_STACK,-0.18481362195649392,-1.0543236990022185,0.2777777777777778,0.9950979321139075,1.0,22/125,12.66%,TMEM115;CANT1;ASAP2;TOM1L1;RASIP1;MBTPS1;SORL1;B4GALT1;ARAP1;FUT8;GOLGA8O;MGAT4A;GOLGA8B;B4GALT7;ST3GAL4;FUT5;ZFYVE1;GOLGA5;SAR1B;SULF1;AKAP9;GOLGA2
prerank,GOCC_FILOPODIUM,-0.21001486702016153,-1.052675184657486,0.4642857142857143,0.9900685924254532,1.0,41/97,32.80%,ACTA2;TTYH1;ABI1;TM4SF19;NF2;B4GALT1;UNC5C;FZD9;MAP2;ADGRA2;SCIMP;MYO6;TBC1D10C;MYO1G;RUFY3;LY6G6D;INPPL1;CD302;MYO10;SYNE2;SPEF1;DYNC1H1;ACTA1;IQGAP2;ACTC1;FGD4;ERMN;RAPH1;MYO3A;ACTG2;FZD3;ANTXR1;ITGA3;MYO5A;GAP43;MORN4;GPM6A;SPATA13;PPP1R9A;ITGB3;SHTN1
prerank,GOCC_MEMBRANE_MICRODOMAIN,0.9893086653090882,1.051836302452083,0.9166666666666666,1.0,1.0,1/284,0.90%,F2R
prerank,GOCC_MOTILE_CILIUM,0.9933266221624801,1.0495291237624838,0.5,1.0,1.0,3/272,0.67%,SLC25A31;CFAP77;TSGA10
prerank,GOCC_SECRETORY_GRANULE_MEMBRANE,0.996269662929526,1.0414147493734633,0.06521739130434782,1.0,1.0,2/308,0.37%,CXCR2;TMEM190
prerank,GOCC_MEDIATOR_COMPLEX,-0.24847859429230587,-1.0413451842276384,0.43902439024390244,1.0,1.0,14/37,25.88%,HAVCR2;NFE2L2;MED12;MED11;PPARGC1B;CDK8;MED16;MED30;MED13L;MED31;MED19;MED24;MED27;MED28
prerank,GOCC_INTERMEDIATE_FILAMENT_CYTOSKELETON,0.9949652103498186,1.040177137449181,0.3258426966292135,1.0,1.0,3/198,0.51%,KRTAP1-1;NEFL;GPER1
prerank,GOCC_CYTOPLASMIC_REGION,0.9960279040714756,1.0394991109252079,0.1702127659574468,1.0,1.0,3/260,0.40%,GLI1;NEFL;CFAP77
prerank,GOCC_GOLGI_APPARATUS_SUBCOMPARTMENT,0.9948096912672085,1.0378448133355507,0.23469387755102042,1.0,1.0,2/339,0.51%,RBFOX1;GPER1
prerank,GOCC_CATION_CHANNEL_COMPLEX,0.992915568437228,1.0370866829348773,0.5,1.0,1.0,4/221,0.72%,LRRC38;GRIK5;HCN4;KCNMB3
prerank,GOCC_DISTAL_AXON,0.9949353877589956,1.03701852405163,0.18556701030927836,1.0,1.0,3/268,0.51%,NEFL;SLC8A2;GPER1
prerank,GOCC_AXONAL_GROWTH_CONE,-0.26540632962617855,-1.0364568360724868,0.3958333333333333,1.0,1.0,13/24,32.80%,OLFM1;RTN4R;MYO9A;KIF5C;HSP90AA1;TAOK2;TRAK1;COBL;HSP90AB1;FLRT3;BOC;GPM6A;SHTN1
prerank,GOCC_BASOLATERAL_PLASMA_MEMBRANE,0.9941018010711923,1.035703210931905,0.35789473684210527,1.0,1.0,2/258,0.58%,SLC8A2;ALPK2
prerank,GOCC_AXONEMAL_DYNEIN_COMPLEX,-0.32100996978495977,-1.033897064450218,0.3829787234042553,1.0,1.0,6/16,24.12%,CCDC65;DNAI1;CFAP70;DNAI2;DNAH1;DNAH9
prerank,GOCC_CULLIN_RING_UBIQUITIN_LIGASE_COMPLEX,0.9972186238524355,1.03151961377651,0.12903225806451613,1.0,1.0,2/214,0.28%,PRAMEF27;PRAMEF13
prerank,GOCC_APICAL_DENDRITE,-0.30241940005445056,-1.0298557254789427,0.37777777777777777,1.0,1.0,4/17,7.77%,CPEB3;FLNA;CLU;MAP2
prerank,GOCC_CONNEXIN_COMPLEX,-0.29176077318318727,-1.0292595048147037,0.45652173913043476,1.0,1.0,6/21,14.31%,GJA1;GJC2;GJB6;GJD2;GJD4;GJA3
prerank,GOCC_ENDOPLASMIC_RETICULUM_LUMEN,0.9946811436285476,1.0282729643153248,0.2708333333333333,1.0,1.0,3/313,0.53%,CHGB;F7;COL19A1
prerank,GOCC_BRUSH_BORDER,-0.18665734784195334,-1.0264483872399215,0.4,1.0,1.0,26/105,16.98%,CD36;SLC7A11;CAPZA2;CA4;SLC19A1;SLC26A4;MYL12B;B4GALT1;MYH9;SCIN;SLC22A5;SLC15A1;PDZK1;FOLR1;HSP90AA1;SCART1;SLC28A3;PEX19;SLC34A3;MYH14;MYO7B;PLB1;MFSD10;LIMA1;CLIC1;ANKS4B
prerank,GOCC_SPINDLE,0.992861275594182,1.0263492076823464,0.3939393939393939,1.0,1.0,3/417,0.70%,CXCR2;FAM161A;FAM83D
prerank,GOCC_FICOLIN_1_RICH_GRANULE,-0.1742928917178514,-1.0227703822294814,0.4166666666666667,1.0,1.0,51/173,27.33%,CD300A;CANT1;MMP9;MGAM;GPI;ADAM8;RAC1;SIRPA;ATP6V0C;CTSS;GAA;GYG1;FPR1;COMMD9;ILF2;PGAM1;CSNK2B;TBC1D10C;TCIRG1;HSP90AA1;PYGL;LRG1;ALOX5;PNP;DSG1;COPB1;QPCT;ATAD3B;PRDX4;ADGRE3;FPR2;CDA;BIN2;APEH;DYNC1LI1;GSN;NFASC;ARSB;DOK3;IDH1;CFD;CAPN1;GUSB;FCER1G;DYNLT1;LAMP1;PKP1;PSMC2;PSMA2;JUP;HK3
prerank,GOCC_RIBONUCLEOPROTEIN_COMPLEX,0.9988203075896213,1.0216624719426206,0.010101010101010102,1.0,1.0,1/471,0.08%,RNF113B
prerank,GOCC_ACETYLCHOLINE_GATED_CHANNEL_COMPLEX,-0.3137039255959511,-1.0214412210963575,0.40425531914893614,1.0,1.0,4/17,8.83%,CHRNG;CHRNE;CHRNA1;CHRNA6
prerank,GOCC_SPINDLE_MIDZONE,-0.27565501723416197,-1.0207319217730557,0.4375,0.9944539330850618,1.0,6/34,3.60%,KIF14;INCENP;CDCA8;HNRNPU;PLK1;CDC6
prerank,GOCC_CYTOPLASMIC_SIDE_OF_MEMBRANE,0.9949939337835036,1.0199563192266374,0.32222222222222224,1.0,1.0,1/197,0.49%,KIT
prerank,GOCC_CELL_CORTEX,0.9945799189100059,1.0193698528969473,0.2268041237113402,1.0,1.0,1/311,0.52%,FGF1
prerank,GOCC_BASAL_PART_OF_CELL,0.9940672611889592,1.0180518742743796,0.32989690721649484,1.0,1.0,2/310,0.58%,SLC8A2;ALPK2
prerank,GOCC_OUTER_MEMBRANE,0.993376618118736,1.0176985901513276,0.48936170212765956,1.0,1.0,1/244,0.63%,MAOA
prerank,GOCC_RIBOSOME,-0.21575761366656673,-1.0176823368711412,0.36363636363636365,0.9923451575511384,1.0,11/54,13.66%,ZCCHC17;NCK1;APEX1;UBA52;EIF2AK2;MTG2;LARP4;FUBP3;ASCC2;CALR;APOD
prerank,GOCC_MONOATOMIC_ION_CHANNEL_COMPLEX,0.9928461477203014,1.0174509836640389,0.40404040404040403,1.0,1.0,4/347,0.72%,LRRC38;GRIK5;HCN4;KCNMB3
prerank,GOCC_POSTSYNAPTIC_SPECIALIZATION,0.9945033500404218,1.016241389870722,0.24489795918367346,1.0,1.0,4/358,0.56%,GRIK5;SLC8A2;GPER1;MPP2
prerank,GOCC_ENDOCYTIC_VESICLE,0.9912793304922598,1.016032939418477,0.7755102040816326,1.0,1.0,2/331,0.84%,HP;HBA2
prerank,GOCC_CILIARY_BASAL_BODY,0.9914946689616695,1.0158728301892639,0.6494845360824743,1.0,1.0,6/310,0.86%,GLI1;GUCA1B;FAM161A;MKS1;CEP131;KIF7
prerank,GOCC_LATE_ENDOSOME,0.9901886623527041,1.0143265077038028,0.9595959595959596,1.0,1.0,2/290,0.90%,MCOLN2;F2R
prerank,GOCC_AP_TYPE_MEMBRANE_COAT_ADAPTOR_COMPLEX,-0.250519070952259,-1.0128969374575365,0.46875,0.9953173291105473,1.0,16/40,29.18%,AP3S2;AP1S3;AP3B1;SGIP1;EPS15;AFTPH;AP4M1;AP1M2;STON1;AP1S1;AP1G1;CLBA1;VPS33A;AP3D1;VPS39;AP4S1
prerank,GOCC_CELL_PROJECTION_MEMBRANE,0.9943109874018106,1.0099311964075623,0.21428571428571427,1.0,1.0,2/348,0.56%,GPER1;MPP2
prerank,GOCC_MYOSIN_FILAMENT,-0.3070440173575659,-1.0096476126377227,0.41509433962264153,0.9950121213342197,1.0,6/20,24.15%,MYH9;MYOM1;MYH14;MYBPC1;MYBPH;ACTG2
prerank,GOCC_CONTRACTILE_MUSCLE_FIBER,0.9929727431827831,1.008083561257468,0.5652173913043478,1.0,1.0,2/228,0.70%,LRRC10;ADPRHL1
prerank,GOCC_RECEPTOR_COMPLEX,0.9921657040569735,1.0080505754672575,0.4897959183673469,1.0,1.0,4/399,0.78%,GRIK5;KIT;TYRO3;LRP1B
prerank,GOCC_APICAL_PART_OF_CELL,0.9921190523229462,1.0078735607967293,0.56,1.0,1.0,3/454,0.77%,SLC6A20;OCEL1;GPR143
prerank,GOCC_NEURON_TO_NEURON_SYNAPSE,0.9944967465556305,1.007387770775225,0.23469387755102042,1.0,1.0,4/373,0.56%,GRIK5;SLC8A2;GPER1;MPP2
prerank,GOCC_EARLY_ENDOSOME,0.9909493790676831,1.006897511845247,0.79,1.0,1.0,4/413,0.90%,OR51E2;GPER1;KREMEN2;F2R
prerank,GOCC_NUCLEAR_MEMBRANE,0.991091996014337,1.0067077200382142,0.7578947368421053,1.0,1.0,2/300,0.87%,GUCA1B;GCHFR
prerank,GOCC_COATED_VESICLE_MEMBRANE,-0.16810423540107222,-1.0065459445823681,0.375,0.9950309837656681,1.0,42/184,20.62%,IGF2R;FZD5;AP1S3;ATP6V0C;VAMP4;LDLRAP1;AP3B1;SGIP1;ATP6V1E1;EPGN;ATP6V1A;ATP6V1D;SEC13;CNIH3;GAD1;EPS15;LDLR;MYO6;CD74;CEMIP;SAR1B;FOLR1;APOE;SCYL1;SEC16A;AVP;ATP6V0B;SEC31A;LMAN1;SLC18A2;AFTPH;GOSR2;COPG1;COPB1;TMEM199;AP1M2;KDELR1;WNT5A;ARCN1;SYT9;STON1;AP1S1
prerank,GOCC_POSTSYNAPTIC_MEMBRANE,0.990836005389462,1.006368295538573,0.8367346938775511,1.0,1.0,2/307,0.90%,GRIK5;F2R
prerank,GOCC_VACUOLAR_MEMBRANE,0.9903919096049907,1.0062198287978117,0.97,1.0,1.0,2/459,0.86%,GPR143;MCOLN2
prerank,GOCC_CELL_SUBSTRATE_JUNCTION,0.9906595775381106,1.0059313164907786,0.93,1.0,1.0,1/384,0.80%,STARD8
prerank,GOCC_ORGANELLE_INNER_MEMBRANE,0.9971854713564355,1.0047121099753833,0.050505050505050504,1.0,1.0,1/447,0.26%,SLC25A31
prerank,GOCC_MULTIVESICULAR_BODY,-0.22317052927270148,-1.004696098311389,0.5925925925925926,0.9898815399802567,1.0,14/61,15.95%,SLC9A8;SORL1;ARAP1;CHMP2A;LAPTM4B;ABCB6;CD74;TMEM9;CHMP1B;APOE;PMEL;CD63;RAB11A;NDFIP2
prerank,GOCC_RIBONUCLEOPROTEIN_GRANULE,0.9970341740858387,1.0037466902596544,0.10309278350515463,1.0,1.0,2/254,0.30%,TRIM71;RBFOX1
prerank,GOCC_ACTIN_BASED_CELL_PROJECTION,-0.18613526960100624,-1.0026858393601845,0.45454545454545453,0.9845408701656787,1.0,61/217,23.26%,ACTA2;SLC7A11;PIEZO1;TTYH1;CLRN2;ABI1;MPP1;FOXA1;TM4SF19;NF2;STX4;SPN;B4GALT1;ATP6V1E1;IZUMO1R;UNC5C;ATP6V1A;EPS8L2;PCDH15;JAM3;FZD9;MAP2;ADGRA2;SCIMP;PDGFA;CD44;MYO6;CLIC4;TBC1D10C;WHRN;PDZK1;CEACAM20;CEACAM16;MYO1G;RUFY3;LY6G6D;FABP2;INPPL1;MYO7B;DPEP1;CD302;PLEKHG6;MYO10;SYNE2;ANKS4B;BBS2;SPEF1;DYNC1H1;IFT20;ACTA1;IQGAP2;ACTC1;FGD4;AMN1;ERMN;TSPEAR;RAPH1;MYO1C;CLCA1;MUC20;MYO3A
prerank,GOCC_EXTERNAL_SIDE_OF_PLASMA_MEMBRANE,0.9951189650534324,1.0024458801559302,0.16326530612244897,1.0,1.0,3/368,0.49%,CXCR2;FCRL4;KIT
prerank,GOCC_CYTOSOLIC_REGION,-0.23706052264259564,-1.0023298452822837,0.39473684210526316,0.9738120344610967,1.0,9/39,13.77%,SUMO2;FBXO45;STXBP1;PLCB1;PPT1;PRKCB;KIF5C;PLCB3;PIAS1
prerank,GOCC_CELL_LEADING_EDGE,0.9942653744352732,1.0016375168378973,0.1836734693877551,1.0,1.0,2/418,0.56%,GPER1;MPP2
prerank,GOCC_UBIQUITIN_LIGASE_COMPLEX,0.9936340711252474,1.0006313027507454,0.3333333333333333,1.0,1.0,3/337,0.63%,PRAMEF27;PRAMEF13;MEGF8
prerank,GOCC_CLEAVAGE_FURROW,-0.23160938073601525,-1.0002650685419674,0.43243243243243246,0.9708904625106362,1.0,15/52,19.09%,NF2;ANKRD45;MYH9;SEPTIN12;STAMBP;KIF20A;HMCN1;MYLK;RAB11A;PLEKHG6;ECT2;LIMA1;MASTL;PSD2;RALA
prerank,GOCC_VESICLE_LUMEN,0.9933459158103147,1.000124845428814,0.3958333333333333,1.0,1.0,1/307,0.62%,HP
prerank,GOCC_NUCLEAR_SPECK,0.9920762592243797,0.9997218217444562,0.4536082474226804,1.0,1.0,2/403,0.75%,PYHIN1;KAT6A
prerank,GOCC_TRANSCRIPTION_REGULATOR_COMPLEX,0.991369632619711,0.9991940282125469,0.56,1.0,1.0,4/498,0.85%,MYOG;SOX8;POU3F1;LIN37
prerank,GOCC_NUCLEAR_ENVELOPE,0.9911759918855165,0.9989665915009751,0.6597938144329897,1.0,1.0,4/467,0.87%,GUCA1B;GPER1;TYRO3;GCHFR
prerank,GOCC_MICROTUBULE,0.9913411707451334,0.9987958038308612,0.72,1.0,1.0,4/433,0.86%,TUBA3E;CFAP77;FAM161A;KIF7
prerank,GOCC_SYNAPTIC_MEMBRANE,0.9908505963787289,0.9982791200243412,0.85,1.0,1.0,3/434,0.90%,GRIK5;GPER1;F2R
prerank,GOCC_COLLAGEN_CONTAINING_EXTRACELLULAR_MATRIX,0.9906467914195158,0.9981826890183139,0.9489795918367347,1.0,1.0,3/371,0.92%,F7;COL19A1;ADAMTS10
prerank,GOCC_U5_SNRNP,-0.2906250055640872,-0.995908176208201,0.36363636363636365,0.9756655541453172,1.0,8/19,30.28%,SNRPD3;TXNL4A;SNRNP40;SNRPB;SNRNP200;SNRPE;PRPF6;TSSC4
prerank,GOCC_NADH_DEHYDROGENASE_COMPLEX,-0.22751809655360816,-0.9916662636562168,0.5,0.9801877011720476,1.0,7/47,6.07%,NDUFC2;NDUFB3;NDUFC1;NDUFA13;NDUFS5;NDUFB9;NDUFS2
prerank,GOCC_CELL_DIVISION_SITE,-0.20921831843188038,-0.9914370780123419,0.5294117647058824,0.9701190425094884,1.0,18/65,19.09%,NF2;ANKRD45;SEPTIN4;MYH9;SEPTIN12;STAMBP;KIF20A;HMCN1;MYLK;MAEA;RAB11A;PLEKHG6;ECT2;LIMA1;MASTL;PSD2;SEPTIN1;RALA
prerank,GOCC_NUCLEAR_CHROMOSOME,-0.15994332022990976,-0.9879586360699885,0.5,0.9705487646767142,1.0,46/220,18.01%,POLE2;INCENP;TONSL;POLE3;RPA1;HNRNPU;IK;CPSF6;PLK1;EME2;POLD4;E2F1;MORF4L1;EME1;HDAC2;TEX11;PRIM2;TUBG1;JUN;RGS12;SUN2;SINHCAF;POLE4;SYCE2;NCAPH2;DHX9;TOPBP1;BRMS1L;BCAS2;PSMC3IP;TRIM24;DMC1;SYCP3;HUS1;INO80D;REC8;TET1;PARP1;NEK2;MUS81;RCC1;RAD21;RAD9A;CDX2;ANP32E;INO80C
prerank,GOCC_SCF_UBIQUITIN_LIGASE_COMPLEX,-0.21907524190876573,-0.9847436023131493,0.5,0.969966424325711,1.0,15/60,15.72%,FBXL7;FBXO6;FBXO17;FBXO45;FBXO24;FBXL16;FBXL2;FBXO42;CKS1B;FBXL5;FBXO25;CCNF;SPSB3;SPSB2;NCCRP1
prerank,GOCC_CONDENSED_CHROMOSOME,-0.14216770048577654,-0.9823767768696068,0.6666666666666666,0.9702469401539385,1.0,60/273,22.25%,KMT5B;DCTN5;TPR;INCENP;RPA1;HNRNPU;DCTN4;PLK1;CENPL;XRCC4;NUP160;CDC20;CHMP2A;PHF6;TEX11;SEC13;CENPW;TUBG1;NDC80;RGS12;PHF2;SUN2;MEIKIN;CENPV;PSEN1;DYNLT3;NSMCE2;SYCE2;NCAPH2;CHMP1B;KNSTRN;KNTC1;TOPBP1;CKAP5;PSMC3IP;DMC1;SYCP3;HUS1;REC8;NEK2;CBX3;RCC1;RAD21;DCTN6;RAD9A;FBXO28;CDX2;ERCC6L;TUBA1A;SKA1;BRD7;AHCTF1;SYCP1;CCNB1IP1;KIF18A;DYNC1LI1;RNF212B;BOD1L2;ARID2;NSMCE4A
prerank,GOCC_ORGANELLE_ENVELOPE_LUMEN,-0.19470397043060167,-0.9823439145060375,0.4090909090909091,0.9602804905278993,1.0,20/91,17.04%,IGF2R;TIMM21;AIFM1;SORL1;NDUFS5;MICU3;IMMT;BLOC1S1;COX17;TIMM23;OPA1;CCAR1;CHCHD7;TRIAP1;NLN;CHCHD2;ALOX5;PTGES;MYOC;REXO2
prerank,GOCC_SITE_OF_DNA_DAMAGE,-0.1867655527953177,-0.9801643321858841,0.45454545454545453,0.9578782164701298,1.0,28/124,19.69%,ATF2;RNF168;TONSL;PAXX;RPA1;LMNA;FH;DGCR8;XRCC4;WRAP53;WDR70;AIM2;CNTD1;PELI1;XRCC1;TOPBP1;DMC1;NABP2;HUS1;MDC1;PARP1;CBX3;STK38;SLFN11;RAD17;SIRT6;PARP9;XRCC5
prerank,GOCC_PRESYNAPTIC_CYTOSOL,-0.2763451225996827,-0.979066749267074,0.4594594594594595,0.9512647535392664,1.0,5/26,6.11%,SUMO2;FBXO45;STXBP1;PPT1;PRKCB
prerank,GOCC_HISTONE_METHYLTRANSFERASE_COMPLEX,-0.20537327022938362,-0.9741397001300177,0.5416666666666666,0.9575724812644851,1.0,21/70,21.05%,SENP3;KMT2A;JARID2;HDAC2;TAF1;PRPF31;SIRT1;NCOA6;TEX10;TAF6;WDR5;TRIM37;PELP1;ASH2L;INO80C;KMT2D;KDM6B;HDAC9;DPY30;WDR82;KMT2C
prerank,GOCC_CLUSTER_OF_ACTIN_BASED_CELL_PROJECTIONS,-0.17522545172875553,-0.9661179400660049,0.5714285714285714,0.9733161754336483,1.0,37/164,17.15%,CD36;SLC7A11;CAPZA2;PIEZO1;CLRN2;MPP1;CA4;SLC19A1;RAC1;SLC26A4;MYL12B;STX4;B4GALT1;EPS8L2;DCDC2;PCDH15;MYH9;SCIN;SLC22A5;SLC15A1;WHRN;PDZK1;FOLR1;HSP90AA1;CEACAM16;SCART1;SLC28A3;PEX19;SLC34A3;MYH14;MYO7B;PLB1;MFSD10;LIMA1;CLIC1;ANKS4B;BBS2
prerank,GOCC_NUCLEAR_OUTER_MEMBRANE,-0.2630553939786663,-0.9631403727149884,0.4883720930232558,0.9722134179290162,1.0,9/29,22.54%,SYNE1;PSEN1;CPTP;DHCR7;SIGMAR1;SYNE2;SYNE3;SMPD4;TMEM109
prerank,GOCC_PRECATALYTIC_SPLICEOSOME,-0.21157034061615682,-0.9607946557889537,0.4878048780487805,0.9710002461004146,1.0,11/51,15.17%,IK;SNRPD3;SF3B3;PHF5A;PRPF31;ZMAT2;TXNL4A;CWC22;RNF113A;PRPF4;SNRPB
prerank,GOCC_CELL_CORTEX_REGION,-0.25461710435799356,-0.9602117188911262,0.4186046511627907,0.9636651409622207,1.0,6/28,15.69%,STXBP1;PPFIA3;PKD2;ERC2;FABP2;RIMS2
prerank,GOCC_SPECIALIZED_EXTRACELLULAR_MATRIX,-0.25239158865303457,-0.9580114462113632,0.46153846153846156,0.961003520171832,1.0,9/21,26.24%,HAPLN3;IMPG2;ZP3;BCAN;HAPLN4;RBP3;TNC;LAMA5;IMPG1
prerank,GOCC_OXIDOREDUCTASE_COMPLEX,-0.176547409197202,-0.9501620686206831,0.5555555555555556,0.9710907857713669,1.0,19/136,7.72%,UQCRB;PDHA1;NDUFC2;COX8A;CYB5B;NDUFB3;NDUFC1;PDK2;RAC1;NDUFA13;NOX3;NDUFS5;NDUFB9;CYBA;COX5B;NDUFS2;PDHA2;LDHAL6B;AMT
prerank,GOCC_POLE_PLASM,-0.2602567954711307,-0.9479533340543134,0.45454545454545453,0.9687904944614886,1.0,4/25,9.63%,PIWIL4;EXD1;HENMT1;TDRD5
prerank,GOCC_PERINUCLEAR_ENDOPLASMIC_RETICULUM,-0.2676031334164808,-0.9445182443035534,0.5348837209302325,0.971190280690147,1.0,4/22,5.59%,OSBPL6;SYT6;CLU;CYBA
prerank,GOCC_CYTOSOLIC_TRANSLATION_PREINITIATION_COMPLEX,-0.29708740617969465,-0.9434884065000199,0.4782608695652174,0.9648165123239161,1.0,3/15,5.69%,EIF3M;EIF3J;EIF1B
prerank,GOCC_AUTOLYSOSOME,0.43529684647010786,0.9433332118833422,0.32,1.0,1.0,5/15,12.49%,PLEKHM1;STX17;RAB30;CLN3;FTL
prerank,GOCC_CLATHRIN_COATED_ENDOCYTIC_VESICLE_MEMBRANE,-0.19571490887076834,-0.9410460875822704,0.5769230769230769,0.9638726697105388,1.0,11/63,12.91%,IGF2R;FZD5;VAMP4;LDLRAP1;SGIP1;EPGN;EPS15;LDLR;CD74;APOE;AVP
prerank,GOCC_NUCLEAR_REPLICATION_FORK,-0.2086135118788872,-0.9394733473854101,0.5172413793103449,0.9593953923667644,1.0,9/39,15.46%,TONSL;RPA1;EME2;POLD4;EME1;PRIM2;BCAS2;PARP1;MUS81
prerank,GOCC_PLATELET_ALPHA_GRANULE_LUMEN,-0.20676113237642943,-0.9369916802657864,0.5769230769230769,0.9574254130029055,1.0,22/62,25.83%,HRG;AHSG;CLU;MMRN1;PDGFA;PPBP;FGG;TEX264;APOOL;VEGFD;SERPINA3;GTPBP2;IGF1;HGF;SERPINF2;VWF;SERPING1;FGA;CFD;SRGN;FGB;F5
prerank,GOCC_COSTAMERE,0.43253647605219525,0.9218061582110381,0.3050847457627119,1.0,1.0,9/16,32.76%,KRT19;SDC4;HOMER1;PLEC;ANK2;DAG1;FLNC;PGM5;SVIL
prerank,GOCC_GOLGI_CISTERNA_MEMBRANE,-0.17633605749403897,-0.920824414845895,0.5909090909090909,0.9978179080121684,1.0,17/73,20.79%,TMEM115;CANT1;ASAP2;B4GALT1;FUT8;GOLGA8O;GOLGA8B;B4GALT7;ST3GAL4;FUT5;SAR1B;GOLGA2;B3GALT6;B4GALT6;GAL3ST4;CSGALNACT2;NAGPA
prerank,GOCC_NODE_OF_RANVIER,-0.2548271238706831,-0.9199763616391012,0.6060606060606061,0.9910137866396767,1.0,11/20,34.02%,SCN9A;CNTN2;MYOC;SCN1B;SPTBN4;NFASC;SCN8A;SCN2A;KCNK2;ANK3;BIN1
prerank,GOCC_PERICENTRIOLAR_MATERIAL,-0.27002966113003896,-0.9164031565134363,0.5454545454545454,0.9917717541632958,1.0,7/21,19.16%,NEDD1;RAC1;TUBG1;TNKS;CEP85L;PCM1;DYRK3
prerank,GOCC_CLATHRIN_COATED_VESICLE_MEMBRANE,-0.17576539247904133,-0.9085193357301407,0.6666666666666666,1.0,1.0,23/126,14.28%,IGF2R;FZD5;AP1S3;ATP6V0C;VAMP4;LDLRAP1;AP3B1;SGIP1;ATP6V1E1;EPGN;ATP6V1A;ATP6V1D;GAD1;EPS15;LDLR;MYO6;CD74;CEMIP;APOE;AVP;ATP6V0B;SLC18A2;AFTPH
prerank,GOCC_PRERIBOSOME_LARGE_SUBUNIT_PRECURSOR,0.4321314201094512,0.9082843090246311,0.2830188679245283,1.0,1.0,7/17,16.34%,WDR12;FTSJ3;EBNA1BP2;NOC2L;NSA2;RPF1;ZNF622
prerank,GOCC_PLATELET_ALPHA_GRANULE,-0.1829562843700448,-0.90570021434935,0.5652173913043478,1.0,1.0,27/86,25.83%,CD36;HRG;AHSG;STXBP1;CLU;MMRN1;ITGA2B;PDGFA;PPBP;FGG;TEX264;APOOL;VEGFD;SERPINA3;GTPBP2;IGF1;HGF;SERPINF2;VPS33B;VWF;SERPING1;FGA;CFD;SRGN;PHACTR2;FGB;F5
prerank,GOCC_ENZYME_ACTIVATOR_COMPLEX,-0.26996620993577813,-0.9032633227844635,0.5526315789473685,1.0,1.0,5/16,13.73%,LAMTOR3;SLC38A9;PSMC3IP;FNIP2;RRAGA
prerank,GOCC_EXOCYST,0.4310258455139877,0.9029832543096804,0.3559322033898305,1.0,1.0,6/16,20.60%,TNFAIP2;EXOC6;EXOC3;EXOC5;EXOC6B;EXOC8
prerank,GOCC_GUANYL_NUCLEOTIDE_EXCHANGE_FACTOR_COMPLEX,-0.2266147080931866,-0.9024617708348275,0.6486486486486487,0.9959306258350881,1.0,8/25,23.07%,RGP1;LAMTOR3;SLC38A9;RIC1;EIF2B3;MON1B;RASGRP3;EIF2B5
prerank,GOCC_NBAF_COMPLEX,0.41847532755864036,0.9018700817868212,0.30612244897959184,1.0,1.0,7/16,28.67%,SMARCC2;DPF2;SMARCA4;DPF3;SS18L1;SMARCD1;ARID1B
prerank,GOCC_RIBOSOMAL_SUBUNIT,-0.2991614128801577,-0.8947980657160451,0.6444444444444445,1.0,1.0,6/16,28.42%,ZCCHC17;UBA52;LARP4;EIF2A;NSUN3;TIFAB
prerank,GOCC_U12_TYPE_SPLICEOSOMAL_COMPLEX,-0.23584257935007868,-0.8863502465175784,0.5897435897435898,1.0,1.0,5/26,7.08%,PDCD7;SNRPD3;YBX1;SF3B3;PHF5A
prerank,GOCC_PROTEASOME_CORE_COMPLEX,-0.25627579828986624,-0.8854038649069359,0.6410256410256411,1.0,1.0,7/19,27.22%,PSMA7;PSMB2;PSMB5;PSMF1;PSMB11;PSMB10;PSMA2
prerank,GOCC_NUCLEAR_PERIPHERY,-0.2304033246829492,-0.8805153348205559,0.6666666666666666,1.0,1.0,8/31,13.77%,NUP93;TPR;CASK;LMNA;ANAPC4;NUP153;LBR;PIAS1
prerank,GOCC_GAP_JUNCTION,-0.22818825097263312,-0.8774515936663637,0.6739130434782609,1.0,1.0,9/30,24.41%,GJA1;GJC2;GJB6;GJD2;GJD4;GJA3;GJD3;GJB1;SGSM3
prerank,GOCC_ASTROCYTE_PROJECTION,-0.24579721861349904,-0.8719558740711318,0.6304347826086957,1.0,1.0,7/22,25.83%,SLC7A11;AQP4;SYT4;ADGRG1;ADCY10;HEPACAM;GRM5
prerank,GOCC_VESICLE_COAT,-0.1694790472479088,-0.8702266329181799,0.75,1.0,1.0,20/64,27.72%,AP1S3;SGIP1;SEC13;EPS15;SAR1B;SCYL1;SEC31A;AFTPH;COPG1;COPB1;AP1M2;ARCN1;STON1;AP1S1;AP1G1;SEC23A;CLBA1;NECAP1;PDCD6;COPB2
prerank,GOCC_MICROVILLUS,-0.1746795258989919,-0.8657672326607684,0.675,1.0,1.0,28/95,23.08%,SLC7A11;FOXA1;SPN;ATP6V1E1;IZUMO1R;ATP6V1A;JAM3;PDGFA;CD44;MYO6;CLIC4;PDZK1;CEACAM20;MYO1G;FABP2;MYO7B;DPEP1;CD302;PLEKHG6;ANKS4B;BBS2;SPEF1;IFT20;IQGAP2;AMN1;MYO1C;CLCA1;MUC20
prerank,GOCC_LAMELLIPODIUM_MEMBRANE,-0.24354920175962677,-0.8652383700823476,0.6222222222222222,1.0,1.0,6/22,17.06%,PIEZO1;DPP4;CD44;DOCK8;SYNE2;PLXND1
prerank,GOCC_SM_LIKE_PROTEIN_FAMILY_COMPLEX,-0.1805396828378734,-0.8627257786591742,0.7,1.0,1.0,17/85,16.30%,CLNS1A;RBM42;SNRNP27;SNRPD3;GEMIN6;SF3B3;PHF5A;PRPF40B;PRPF31;ZMAT2;STRAP;TXNL4A;SNRNP40;PRPF4;LUC7L3;SNRPB;SNRPC
prerank,GOCC_SYNAPTIC_VESICLE_MEMBRANE,-0.16726371959942904,-0.8615516239402857,0.8461538461538461,1.0,1.0,40/139,25.73%,SEMA4C;LAMP5;SYT6;SYPL2;RAC1;PTPRS;ATP6V0C;PPT1;BCL2L1;DMXL2;ATP6V1E1;RAB3B;ATP6V1A;ATP6V1D;SLC35G2;SYT5;SLC9B2;SYT7;OPRK1;ATP2B1;SLC18A2;SYT12;RAB11A;SYT4;SLC18B1;ANP32E;SYT9;CALM3;WFS1;SLC6A2;SV2A;SLC6A9;GABRA2;SYNPR;ATP6V0A4;RAB5A;SYN3;RAB5B;SCAMP1;DTNBP1
prerank,GOCC_FICOLIN_1_RICH_GRANULE_LUMEN,-0.16126581684429064,-0.858651992435788,0.7368421052631579,1.0,1.0,39/113,32.88%,CANT1;MMP9;GPI;CTSS;GYG1;COMMD9;ILF2;PGAM1;CSNK2B;HSP90AA1;PYGL;LRG1;ALOX5;PNP;QPCT;PRDX4;CDA;BIN2;APEH;GSN;ARSB;IDH1;CFD;CAPN1;GUSB;DYNLT1;PSMC2;PSMA2;JUP;HK3;HSP90AB1;MNDA;ACTR10;MIF;PRG2;PGM1;CSTB;SERPINA1;PLEKHO2
prerank,GOCC_U1_SNRNP,-0.2453874849900435,-0.8534749180988829,0.7090909090909091,1.0,1.0,5/18,16.30%,SNRPD3;PRPF40B;LUC7L3;SNRPB;SNRPC
prerank,GOCC_TERMINAL_BOUTON,-0.19909690357426724,-0.8527593824874751,0.6585365853658537,1.0,1.0,10/44,21.24%,TNN;NPY;CPLX2;NMU;CABP4;SLC18A2;MICAL1;NTRK2;AP1S1;GHRH
prerank,GOCC_CLATHRIN_COATED_ENDOCYTIC_VESICLE,-0.1677335763655981,-0.8494345075328581,0.6956521739130435,1.0,1.0,14/80,14.17%,IGF2R;FZD5;VAMP4;LDLRAP1;SGIP1;EPGN;EPS15;LDLR;MYO6;CD74;CEMIP;APOE;AVP;CTLA4
prerank,GOCC_LAMELLIPODIUM,-0.1633380252218968,-0.8425502100361079,0.8,1.0,1.0,56/197,25.54%,MEFV;ACTA2;PIEZO1;ABI1;AJUBA;PLEKHH2;NF2;RAC1;WASF2;MCC;STX4;FGD3;PKD2;CDH2;UNC5C;ARPIN;WASF1;DPP4;CD44;BRK1;DOCK8;PALLD;MYO1G;FGD1;RUFY3;PIK3CA;APBB2;ARHGEF6;INPPL1;STX2;MYLK;ARHGAP31;SH3BP1;NEDD9;CCDC88A;MYO10;SYNE2;PLXND1;SPEF1;ACTA1;IQGAP2;ACTC1;RAC2;FGD4;GSN;RAPH1;PEAR1;MTSS2;CAPG;ACTG2;ALS2;ITGB1BP1;SCRIB;FGD5;PKN2;CSPG4
prerank,GOCC_BLOC_1_COMPLEX,-0.2584243453435197,-0.8396715996884612,0.75,1.0,1.0,3/15,11.82%,KXD1;BLOC1S1;BLOC1S2
prerank,GOCC_MYOSIN_II_COMPLEX,-0.24246153780019092,-0.8306026908911348,0.6511627906976745,1.0,1.0,4/22,13.71%,MYL12B;MYH9;MYL4;MYH14
prerank,GOCC_COATED_VESICLE,-0.1467823660349404,-0.829684320477718,0.6666666666666666,1.0,1.0,112/299,34.39%,SURF4;IGF2R;FZD5;DENND1C;AP1S3;ATP6V0C;VAMP4;LDLRAP1;CCDC115;AP3B1;SGIP1;SNX3;ATP6V1E1;EPGN;ATP6V1A;ATP6V1D;SEC13;CNIH3;GAD1;EPS15;LDLR;MYO6;CD74;CEMIP;SAR1B;FOLR1;APOE;SCYL1;SEC16A;TMED5;GOLGA2;AVP;ATP6V0B;SEC31A;PACSIN1;LMAN1;SLC18A2;CTLA4;AFTPH;GOSR2;CNIH4;ATP7A;YIF1B;COPG1;COPB1;PHETA1;TMEM199;STEAP2;AP1M2;WIPI1;KDELR1;VPS33B;WNT5A;ARCN1;SYT9;SLC28A2;VWF;VANGL2;STON1;AP1S1;COL7A1;AP1G1;VTI1A;ADAM10;ERGIC3;SEC23A;NUMB;FCHO2;SNX9;SPG21;SFTA3;CLBA1;NECAP1;RAB5A;SCAMP1;F5;ERGIC1;CPNE6;ATP6V1G2;VPS33A;APOB;PDCD6;COPB2;ATP6V0A1;F8;USE1;CNIH1;SREBF1;ENTHD1;ATP6V1B2;LMAN2L;HSPD1;RAB27A;NCALD;CTSC;PANK1;ATP6V1C1;UNC13D;DDHD2;HBEGF;EPN1;SERPINA1;RAB27B;GAK;GRIA1;FZD2;DNAJC5;COPZ1;SFTPA1;FURIN;IL7R;RAB12
prerank,GOCC_RUFFLE,-0.14354941180278566,-0.8284310642795379,0.8,1.0,1.0,60/183,29.03%,MEFV;ABCA7;NF2;RAC1;ARHGAP1;WASF2;C2CD5;ARHGAP18;FGD3;CDK6;ARFIP2;ARAP1;EPS8L2;FAM107A;MYH9;AKT2;SCIMP;MYO6;TLR4;ADAM17;KNSTRN;PALLD;FGD1;PACSIN1;SH3YL1;LIMA1;MYO10;NME1;ITGA5;SRC;PSD2;SNTG1;KIF18A;FGD4;KSR1;PDE4A;JCAD;PIP5K1C;MYO1C;LAYN;S100A11;CD2AP;RAB34;MTSS2;CAPG;SNX9;ALS2;ITGB1BP1;FGD5;RAB5A;CSPG4;COBL;SH3BGRL3;APPL2;EPS8L1;INPP5J;MYO5A;PACSIN2;THEM4;MYADM
prerank,GOCC_NUCLEAR_LAMINA,0.39249043024924385,0.8218217916158864,0.3333333333333333,1.0,1.0,5/15,7.62%,LMNB2;NARF;FAM111B;PCNA;LMNTD2
prerank,GOCC_INCLUSION_BODY,-0.1749951471595399,-0.8208670865509629,0.8275862068965517,1.0,1.0,18/72,22.66%,TPR;EDEM1;GYS1;CLU;CARD14;HERPUD1;EPS15;PSEN1;NEFH;NUP153;TRIM37;NXF1;UBD;KLF8;PRDM16;ATXN3;MAPT;FBXO7
prerank,GOCC_TRANSPORT_VESICLE_MEMBRANE,-0.14425078054489698,-0.8207587841456735,0.75,1.0,1.0,63/230,25.73%,SEMA4C;LAMP5;SYT6;CA4;SYPL2;RAC1;PTPRS;AP1S3;ATP6V0C;SORL1;PPT1;BCL2L1;DMXL2;SLC30A2;ATP6V1E1;RAB3B;ATP6V1A;ATP6V1D;SLC35G2;SEC13;CNIH3;PAM;SYT5;SLC9B2;CD74;SAR1B;FOLR1;SEC16A;SYT7;OPRK1;SEC31A;LMAN1;ATP2B1;SLC18A2;AFTPH;GOSR2;SYT12;RAB11A;SYT4;AP1M2;SLC18B1;ANP32E;CPE;SNTB2;SYT9;CALM3;WFS1;AP1S1;SLC6A2;AP1G1;SV2A;VTI1A;SLC6A9;SEC23A;GABRA2;SYNPR;ATP6V0A4;CLBA1;RAB5A;SYN3;RAB5B;SCAMP1;DTNBP1
prerank,GOCC_CATALYTIC_STEP_2_SPLICEOSOME,-0.17186331590117007,-0.8191863126433413,0.7931034482758621,1.0,1.0,16/82,15.52%,CDC40;DHX8;HNRNPU;WDR83;SYF2;RBM22;SNRPD3;SF3B3;RALY;DDX5;SNRNP40;CWC22;BCAS2;XAB2;SNRPB;MTREX
prerank,GOCC_CONDENSED_CHROMOSOME_CENTROMERIC_REGION,-0.13944105954809058,-0.817662430292949,1.0,1.0,1.0,24/180,11.74%,KMT5B;DCTN5;TPR;INCENP;HNRNPU;DCTN4;PLK1;CENPL;NUP160;CDC20;CHMP2A;PHF6;SEC13;CENPW;NDC80;PHF2;MEIKIN;CENPV;PSEN1;DYNLT3;CHMP1B;KNSTRN;KNTC1;CKAP5
prerank,GOCC_SIN3_TYPE_COMPLEX,-0.22143333322720643,-0.8112305628204471,0.7111111111111111,1.0,1.0,5/22,14.96%,MORF4L1;HDAC2;SINHCAF;BRMS1L;TET1
prerank,GOCC_CLATHRIN_COAT,-0.19146037192315973,-0.8090926620321652,0.76,1.0,1.0,17/51,26.63%,IGF2R;AP1S3;AP3B1;SGIP1;EPS15;AFTPH;AP4M1;AP1M2;STON1;AP1S1;AP1G1;CLBA1;NECAP1;KCNQ5;BAIAP2L2;SCLT1;VPS33A
prerank,GOCC_GOLGI_ASSOCIATED_VESICLE,-0.16947417857902816,-0.8030660871043491,0.8823529411764706,1.0,1.0,25/94,25.11%,IGF2R;GJA1;AP1S3;TYR;CCDC115;STK26;SCYL1;PACSIN1;AFTPH;SPPL2A;ATP7A;COPG1;COPB1;TMEM199;STEAP2;AP1M2;KDELR1;CHIC2;ARCN1;BACE1;AP1S1;AP1G1;ADAM10;SPG21;CLBA1
prerank,GOCC_COPII_COATED_ER_TO_GOLGI_TRANSPORT_VESICLE,-0.17422090759867018,-0.8010900990325086,0.6818181818181818,1.0,1.0,30/75,33.31%,SURF4;SEC13;CNIH3;CD74;SAR1B;FOLR1;SEC16A;TMED5;GOLGA2;SEC31A;LMAN1;GOSR2;CNIH4;YIF1B;VANGL2;COL7A1;VTI1A;ERGIC3;SEC23A;F5;ERGIC1;PDCD6;F8;CNIH1;SREBF1;LMAN2L;CTSC;DDHD2;SERPINA1;GRIA1
prerank,GOCC_FLEMMING_BODY,-0.20286924164166628,-0.7970849735442319,0.8421052631578947,1.0,1.0,14/30,34.74%,KIF14;ANKRD45;DCDC1;NUP62;USP3;RALA;CAPG;EXOC7;KIF23;EXOC4;EXOC2;FOXL2;CNTRL;BIRC6
prerank,GOCC_EXOCYTIC_VESICLE,-0.1343470633751442,-0.7965750663710507,0.75,1.0,1.0,63/242,25.73%,SEMA4C;RABAC1;LAMP5;SYT6;SYPL2;AP3S2;RAC1;PTPRS;ATP6V0C;RAB40B;PPT1;BCL2L1;DMXL2;TRIM9;ATP6V1E1;RAB3B;SEPTIN4;ATP6V1A;ATP6V1D;SLC35G2;SYT5;SLC9B2;PSEN1;GABBR1;RNF112;SYT7;OPRK1;TOR1A;ATP2B1;SLC18A2;RAB3C;SYT12;RAB11A;SYT4;IGF1;SLC18B1;ANP32E;RAB40C;SEPTIN1;SYT9;CALM3;BRSK1;TH;WFS1;STON1;BACE1;SLC6A2;SLC30A10;SV2A;TSNARE1;ROGDI;VTI1A;SLC6A9;GABRA2;SYNPR;ATP6V0A4;LAMP1;RAB5A;SYN3;RAB5B;SCAMP1;APBA1;DTNBP1
prerank,GOCC_PHOSPHATIDYLINOSITOL_3_KINASE_COMPLEX,-0.25385611487826404,-0.7934473685385823,0.6904761904761905,1.0,1.0,5/16,18.11%,BECN1;PIK3CA;PIK3R5;PIK3R2;PIK3R6
prerank,GOCC_SECONDARY_LYSOSOME,0.3835228089384373,0.789601022436997,0.34545454545454546,1.0,1.0,7/22,13.73%,PLA2G5;PLEKHM1;STX17;RAB30;CLN3;FTL;NCF2
prerank,GOCC_SMALL_SUBUNIT_PROCESSOME,-0.1783357446152823,-0.7883128213132925,0.9310344827586207,1.0,1.0,10/49,14.95%,UTP4;UTP20;NOP58;UTP25;FCF1;PRKDC;RRP7A;WDR75;DIMT1;KRR1
prerank,GOCC_REPLICATION_FORK,-0.15041045997351446,-0.7804598028848581,0.9705882352941176,1.0,1.0,13/71,15.61%,TONSL;RPA1;EME2;POLD4;EME1;PRIM2;RAD51C;RECQL5;BCAS2;TEX264;PARP1;MUS81;BRIP1
prerank,GOCC_PLATELET_DENSE_GRANULE,0.37790964417366146,0.7802786290956821,0.36363636363636365,1.0,1.0,5/20,9.82%,HPS4;APOH;RARRES2;ECM1;SELENOP
prerank,GOCC_RNA_POLYMERASE_III_COMPLEX,-0.21182865736476664,-0.7788518620254172,0.84375,1.0,1.0,6/18,29.10%,POLR2F;POLR3D;CRCP;POLR3F;POLR2L;POLR3G
prerank,GOCC_GAMMA_TUBULIN_COMPLEX,-0.23646988218970966,-0.7779836094113551,0.8363636363636363,1.0,1.0,3/16,11.82%,TUBGCP2;TUBG1;BLOC1S2
prerank,GOCC_AZUROPHIL_GRANULE_LUMEN,-0.1521082791106468,-0.7732630053371323,0.9047619047619048,1.0,1.0,24/83,25.42%,GM2A;DNAJC3;LYZ;PLAC8;PRTN3;SERPINB3;PRDX6;TXNDC5;TOLLIP;HEXB;CTSG;CREG1;SERPINA3;PSMD1;GRN;DYNC1H1;FRK;PRKCD;NPC2;ARSB;GUSB;FAF2;STK11IP;NHLRC3
prerank,GOCC_ACTIN_FILAMENT,-0.1504615582355093,-0.7719851282808498,1.0,1.0,1.0,29/109,26.68%,ACTL8;MARK2;FLNA;LDB3;RAC1;MYO9A;GJB6;JAM3;MYO6;WHRN;PALLD;MISP;PDLIM5;MICAL1;LIMA1;SRC;ACTBL2;ACTA1;ACTC1;RAC2;SPTBN4;MYO1C;MYO3A;CD2AP;TMOD1;TPM4;ACKR2;KEAP1;COBL
prerank,GOCC_ENDOLYSOSOME,-0.19331620372882466,-0.7695181622518716,0.8285714285714286,1.0,1.0,5/28,11.72%,TPCN2;CTSS;LDLR;ABCB6;RUFY3
prerank,GOCC_MYOSIN_COMPLEX,-0.18742825459860962,-0.7679280640792413,0.8918918918918919,1.0,1.0,10/50,16.72%,MYL12B;MYO9A;MYH9;MYO6;DYNLL2;MYO1G;MYL4;MYH14;MYO7B;MYO10
prerank,GOCC_GOLGI_CISTERNA,-0.1466615321305636,-0.7673788685770087,0.9565217391304348,1.0,1.0,20/93,20.79%,TMEM115;CANT1;ASAP2;SORL1;B4GALT1;FUT8;GOLGA8O;GOLGA8B;B4GALT7;ST3GAL4;FUT5;GOLGA5;SAR1B;GOLGA2;GCC1;B3GALT6;B4GALT6;GAL3ST4;CSGALNACT2;NAGPA
prerank,GOCC_RUFFLE_MEMBRANE,-0.1392353041285969,-0.7598098371772559,1.0,1.0,1.0,29/98,28.63%,ABCA7;NF2;RAC1;C2CD5;EPS8L2;FAM107A;AKT2;MYO6;ADAM17;PACSIN1;SH3YL1;NME1;ITGA5;SRC;PSD2;SNTG1;KSR1;PDE4A;JCAD;PIP5K1C;MYO1C;RAB34;MTSS2;FGD5;SH3BGRL3;APPL2;EPS8L1;PACSIN2;THEM4
prerank,GOCC_CILIARY_MEMBRANE,-0.16096822696736754,-0.7570783531182869,0.9,1.0,1.0,22/75,25.09%,CASK;GPI;GPR157;PDE6H;TMEM67;PKD2;EPS15;PDE6B;MCHR1;ROM1;GPR88;BBS2;GPR161;GPR37L1;BBS1;EFCAB7;NAPEPLD;TSPEAR;BBS5;GNAT2;SMO;SHANK2
prerank,GOCC_ZYMOGEN_GRANULE,-0.22046024337390518,-0.7553995266647308,0.7547169811320755,1.0,1.0,8/19,34.12%,DNASE1;SLC30A2;CLCA1;SCAMP1;ANXA4;DMBT1;RAB27B;SLC9A4
prerank,GOCC_PROTON_TRANSPORTING_ATP_SYNTHASE_COMPLEX,-0.22284604018997234,-0.7515836785089889,0.7906976744186046,1.0,1.0,6/18,26.06%,ATP5MGL;ATP5MC1;ATP5PD;ATP5ME;ATP5MC3;ATP5MG
prerank,GOCC_POSTSYNAPTIC_CYTOSOL,-0.20117228438843404,-0.749625712695431,0.8461538461538461,1.0,1.0,6/28,13.77%,SUMO2;FBXO45;PLCB1;KIF5C;PLCB3;PIAS1
prerank,GOCC_ALPHA_KETOACID_DEHYDROGENASE_COMPLEX,-0.21691116702176536,-0.7482491379290152,0.7948717948717948,0.9971902721072057,1.0,4/18,13.52%,PDHA1;PDK2;PDHA2;PDK1
prerank,GOCC_LAMELLAR_BODY,0.3560008603929652,0.7472021716447655,0.4098360655737705,1.0,1.0,5/17,16.47%,CKAP4;ABCA12;KLK7;ABCA3;SFTPC
prerank,GOCC_ENDOLYSOSOME_MEMBRANE,0.34170607654476864,0.7458789133510203,0.36507936507936506,1.0,1.0,9/17,29.35%,TLR8;PCSK9;RNF167;CLTA;AP2A1;CLTC;AP2M1;ATG16L1;TLR3
prerank,GOCC_ER_TO_GOLGI_TRANSPORT_VESICLE_MEMBRANE,-0.18483997272253155,-0.7441973006180015,0.84375,0.9968602966628634,1.0,9/44,14.64%,SEC13;CNIH3;CD74;SAR1B;FOLR1;SEC16A;SEC31A;LMAN1;GOSR2
prerank,GOCC_ASYMMETRIC_GLUTAMATERGIC_EXCITATORY_SYNAPSE,0.3400573392908747,0.7422988558677184,0.42592592592592593,1.0,1.0,7/17,21.74%,NLGN1;GRID2IP;TMEM240;C1QL2;C1QL1;CHD4;SHISA7
prerank,GOCC_CARBOXY_TERMINAL_DOMAIN_PROTEIN_KINASE_COMPLEX,0.27523818998297833,0.7404829336747626,0.5087719298245614,1.0,1.0,9/18,37.17%,ERCC3;CCNT2;CDK7;CDK13;GTF2H1;CDK12;GTF2H4;CCNH;MNAT1
prerank,GOCC_MITOCHONDRIAL_MATRIX,-0.1403152532184059,-0.7393909835110939,1.0,0.9973456086367752,1.0,95/422,21.03%,FOXO3;PDHA1;CMC1;COASY;NMNAT3;LYRM7;DGUOK;MAIP1;MCAT;PDK2;HMGCS2;ACAT1;GFM1;CASQ1;PMPCB;PDE12;PC;FH;CPS1;BCAT2;BCL2L1;NUDT1;SARDH;TIMM44;BDH1;TFB1M;CDKN2A;BLOC1S1;NDUFS2;MPST;ACADVL;NAGS;GLUD1;ATAD3A;ABHD10;PDHA2;LDHAL6B;MTG2;HIBADH;MDH2;AMT;LACTB2;VDAC2;MALSU1;NFS1;PDSS1;PDK3;PDK4;DNAJC15;FDPS;BTD;CPT2;MCEE;MTERF3;MTHFS;DARS2;LIPT2;HSPA9;PARS2;ALDH5A1;GRPEL2;TOP3A;PDK1;CLPP;MRM1;TRMT2B;ALAS1;SDHAF4;LARS2;ALKBH7;ARHGAP11B;ERBB4;REXO2;PDPR;MPG;CA5A;LIG3;NIPSNAP2;HADH;D2HGDH;ERAL1;ME2;ACP6;ALDH7A1;SDHAF1;DECR1;ETFBKMT;GSR;OGDH;FDXR;ATXN3;MTHFD2L;IVD;MMAB;GRPEL1
prerank,GOCC_EUCHROMATIN,-0.16246772075760504,-0.737570492895443,0.9310344827586207,0.9938734855771464,1.0,9/49,16.34%,AFF4;CECR2;SIRT1;JUN;TCF23;POU4F2;TRIM24;CBX3;PELP1
prerank,GOCC_AGGRESOME,-0.17345633538740493,-0.7351792274201235,0.8297872340425532,0.991003854651436,1.0,8/35,19.61%,EDEM1;CARD14;EPS15;PSEN1;TRIM37;UBD;KLF8;PRDM16
prerank,GOCC_PROTEIN_PHOSPHATASE_TYPE_2A_COMPLEX,0.3423994508508786,0.7349432604745232,0.5344827586206896,1.0,1.0,10/18,32.49%,PPP2R2C;PPP2R3B;IER5;PPP2R5E;PPP2R5A;PPP2R1B;PPP2R5D;PPP2R5B;PPP2CB;PPP2R3A
prerank,GOCC_BLOC_COMPLEX,-0.20661818599383014,-0.734480493747843,0.8541666666666666,0.9857774543779556,1.0,9/20,34.05%,KXD1;BLOC1S1;BLOC1S2;HPS6;HPS3;DTNBP1;HPS5;HPS1;BLOC1S6
prerank,GOCC_TRANSPORT_VESICLE,-0.12981837628760007,-0.732365628599192,1.0,0.9833060963773466,1.0,106/415,25.73%,SEMA4C;SURF4;RABAC1;IGF2R;AZIN2;LAMP5;SYT6;CA4;SYPL2;AP3S2;RAC1;PTPRS;AP1S3;ATP6V0C;VAMP4;RAB40B;SORL1;PPT1;BCL2L1;FGFR4;DMXL2;SLC30A2;TRIM9;ATP6V1E1;RAB1B;RAB3B;SEPTIN4;ATP6V1A;ATP6V1D;SLC35G2;SEC13;CNIH3;PAM;SYT5;RABEPK;SLC9B2;PSEN1;GOLGA5;CD74;GABBR1;SAR1B;FOLR1;SEC16A;RNF112;SYT7;OPRK1;SEC31A;TOR1A;LMAN1;ATP2B1;SLC18A2;RAB3C;AFTPH;GOSR2;ATP7A;DEFA6;SYT12;RAB11A;COPG1;SYT4;SFTA2;COPB1;IL33;STEAP2;IGF1;AP1M2;SLC18B1;KDELR1;ANP32E;AP1AR;RAB40C;CPE;SEPTIN1;SNTB2;ARCN1;SYT9;CALM3;BRSK1;TH;WFS1;STON1;BACE1;AP1S1;SLC6A2;SLC30A10;AP1G1;SV2A;TSNARE1;ROGDI;VTI1A;SLC6A9;PCSK2;SEC23A;GABRA2;SYNPR;PCSK1;SPG21;ATP6V0A4;LAMP1;CLBA1;RAB5A;SYN3;RAB5B;SCAMP1;APBA1;DTNBP1
prerank,GOCC_STRIATED_MUSCLE_THIN_FILAMENT,0.3280331899624863,0.7307473111170191,0.4791666666666667,1.0,1.0,9/20,32.11%,TNNC1;TNNI3;TMOD4;TMOD2;LMOD2;TNNI1;TTN;TNNI2;TNNT1
prerank,GOCC_ENDOSOME_LUMEN,-0.17465419999142112,-0.7300754815423277,0.9117647058823529,0.9803910896029148,1.0,8/36,20.85%,IL12B;CTSS;PRLR;CD63;LNPEP;AP4M1;GH2;PTPN2
prerank,GOCC_ADHERENS_JUNCTION,-0.14062329708943774,-0.7267584839789913,1.0,0.978841095656794,1.0,48/185,24.81%,EIF4G2;SNAP23;NECTIN1;CCDC85A;AJUBA;TNKS1BP1;ZYX;NF2;LDB3;TMEM47;CDH12;SHROOM1;CDH17;CDH9;CDH2;MYH9;LIN7B;IGSF21;CDCA3;CDH18;HMCN1;LLGL2;RND1;NPHP1;PDLIM5;JAG1;PDZD11;SH3BP1;CDHR3;KLHL24;CDH6;PVR;TSPAN33;STXBP6;SPTBN4;NIBAN2;FRMD5;MPP3;JCAD;PIP5K1C;ADAM10;CDH10;S100A11;PLPP3;CDC42EP4;SCRIB;SSX2IP;TMEM204
prerank,GOCC_TRANSCRIPTION_FACTOR_TFTC_COMPLEX,0.32926173721463164,0.7262185347093602,0.5,1.0,1.0,10/18,25.81%,TAF7;TAF10;TAF4;TAF5L;TAF9;TRRAP;KAT2A;SUPT3H;TAF2;USP22
prerank,GOCC_CHROMOSOME_TELOMERIC_REGION,0.6568429457982987,0.7246507673002112,0.8928571428571429,1.0,1.0,4/145,1.70%,SMG6;THOC1;GAR1;BLM
prerank,GOCC_RNA_CAP_BINDING_COMPLEX,0.3589686463403795,0.7180776835899808,0.4166666666666667,1.0,1.0,4/16,6.82%,EIF4E3;EIF4E2;EIF4A2;EIF4G3
prerank,GOCC_SPERM_MIDPIECE,-0.15703622068663076,-0.7104483784903904,0.8928571428571429,0.9908546451864816,1.0,22/51,36.75%,TLE6;AKAP4;CD52;VDAC2;HSP90AA1;IFT27;LRRC46;CALM3;SLC26A6;CFAP58;VPS13A;IFT172;IL4I1;CFAP69;MROH2B;CALM1;HSPD1;TACR2;ATP1A4;CCDC34;SQSTM1;NME8
prerank,GOCC_H4_H2A_HISTONE_ACETYLTRANSFERASE_COMPLEX,-0.18920166002876848,-0.7065314116672066,0.8888888888888888,0.9899589409920622,1.0,7/25,22.37%,ACTL8;VPS72;MORF4L1;YEATS2;ACTBL2;EPC2;MRGBP
prerank,GOCC_PSEUDOPODIUM,0.346219778451804,0.6901086015615876,0.5098039215686274,1.0,1.0,5/17,13.18%,MYOZ1;MAPK3;ACTN1;ACTN2;PLA2G6
prerank,GOCC_NUCLEAR_EXOSOME_RNASE_COMPLEX,0.275177760622739,0.6878393361100402,0.6363636363636364,1.0,1.0,8/15,33.92%,EXOSC1;EXOSC8;EXOSC3;DIS3;EXOSC7;EXOSC4;EXOSC6;EXOSC5
prerank,GOCC_DESMOSOME,-0.18038663479523204,-0.6848699921346523,0.9130434782608695,1.0,1.0,13/31,30.45%,B4GALT1;CDH2;JAM3;KAZN;DSG1;KLHL24;EVPL;PKP1;JUP;UBA1;CDH1;PKP4;PNN
prerank,GOCC_SET1C_COMPASS_COMPLEX,-0.22830824221953824,-0.6814912933018143,0.8636363636363636,1.0,1.0,4/15,20.24%,WDR5;ASH2L;DPY30;WDR82
prerank,GOCC_INTEGRATOR_COMPLEX,-0.19741353854410373,-0.679502042279868,0.9655172413793104,1.0,1.0,10/19,33.37%,INTS10;SEM1;SAGE1;INTS8;INTS5;INTS2;ESRRB;NIPBL;INTS12;INTS6
prerank,GOCC_CLATHRIN_COAT_OF_COATED_PIT,0.34770624179292886,0.6794036010032508,0.47692307692307695,1.0,1.0,6/18,19.48%,SYNJ1;CLTB;CLTA;STON2;AP2A1;CLTC
prerank,GOCC_PLATELET_ALPHA_GRANULE_MEMBRANE,-0.19181174694105235,-0.6760476958995926,0.8936170212765957,0.9973720446395891,1.0,2/17,7.50%,CD36;ITGA2B
prerank,GOCC_GABA_RECEPTOR_COMPLEX,-0.19079520323418728,-0.6746897135027109,0.9666666666666667,0.9927782404164851,1.0,7/21,23.97%,GABRB3;GABRB1;GABBR1;GABRA3;GABBR2;GABRR1;GABRA2
prerank,GOCC_HIGH_DENSITY_LIPOPROTEIN_PARTICLE,-0.18072403121851371,-0.6716893459626921,0.9487179487179487,0.9901808238925712,1.0,10/25,30.02%,CLU;APOE;APOC4;APOA2;APOA1;HDLBP;PLTP;APOC1;SAA4;APOM
prerank,GOCC_COP9_SIGNALOSOME,-0.16812315797739916,-0.6681292828022363,0.918918918918919,0.9874632928987099,1.0,10/33,28.45%,COPS7B;TESPA1;MYH9;BASP1;COPS2;COPS7A;TMOD1;THEMIS;SLA;HSP90AB1
prerank,GOCC_NURD_COMPLEX,0.31398740970053496,0.664616112758194,0.5166666666666667,1.0,1.0,8/16,25.54%,RBBP7;MBD3;MTA3;GATAD2B;CHD4;GATAD2A;CDK2AP1;RBBP4
prerank,GOCC_PROTEASOME_ACCESSORY_COMPLEX,0.31864605896000797,0.6641848551485902,0.5,1.0,1.0,11/24,31.21%,PSMD3;PSMC5;PSMD10;PSMD11;PSMC4;PSMD12;PSMD13;PSMC6;ADRM1;PSMD5;PSMC3
prerank,GOCC_PRESPLICEOSOME,0.30020129951218555,0.6519960540757263,0.49122807017543857,1.0,1.0,10/17,33.72%,DDX42;SNRPN;U2AF2;SF3A1;LUC7L;SNRNP70;SF3A2;PRPF39;PRPF40A;SNRPG
prerank,GOCC_PRC1_COMPLEX,0.32726726217971175,0.6463632809018759,0.5303030303030303,1.0,1.0,7/18,28.97%,CBX6;PHC2;CBX8;PCGF1;RNF2;CBX7;BMI1
prerank,GOCC_CLATHRIN_COATED_VESICLE,-0.12228046388609026,-0.6459680533329095,1.0,0.9982434009369562,1.0,54/208,26.93%,IGF2R;FZD5;DENND1C;AP1S3;ATP6V0C;VAMP4;LDLRAP1;AP3B1;SGIP1;SNX3;ATP6V1E1;EPGN;ATP6V1A;ATP6V1D;GAD1;EPS15;LDLR;MYO6;CD74;CEMIP;FOLR1;APOE;AVP;ATP6V0B;SLC18A2;CTLA4;AFTPH;ATP7A;PHETA1;STEAP2;AP1M2;WIPI1;VPS33B;WNT5A;SYT9;VWF;STON1;AP1S1;AP1G1;VTI1A;ADAM10;NUMB;FCHO2;SNX9;SPG21;SFTA3;CLBA1;NECAP1;RAB5A;SCAMP1;CPNE6;ATP6V1G2;VPS33A;APOB
prerank,GOCC_COPII_VESICLE_COAT,-0.19235956289141382,-0.6392351078398814,0.9523809523809523,0.9965418336026658,1.0,3/16,13.38%,SEC13;SAR1B;SEC31A
prerank,GOCC_CATENIN_COMPLEX,-0.16902016310080129,-0.6390866804108639,0.9761904761904762,0.991345428681795,1.0,7/31,18.99%,CDH12;CDH17;CDH9;CDH2;CDH18;CDHR3;CDH6
prerank,GOCC_U2_SNRNP,0.29145881921015676,0.6293721436192233,0.46296296296296297,1.0,1.0,11/26,27.34%,SF3B4;SNRPN;BUD13;SNRPB2;SF3B5;SF3A1;SNRPD2;SF3B6;DDX46;SNRPA1;SF3A2
prerank,GOCC_STEREOCILIUM_TIP,-0.1993082966029754,-0.6267652962755795,0.9583333333333334,0.9939218727965027,1.0,3/16,11.34%,EPS8L2;WHRN;CEACAM16
prerank,GOCC_RNA_POLYMERASE_II_TRANSCRIPTION_REPRESSOR_COMPLEX,-0.18796140723720567,-0.6143815333471014,0.9807692307692307,0.9950948726463805,1.0,10/15,43.51%,FOXO3;MAX;TBX15;MXD1;MYC;BIN1;ETV3;CTNNB1;DRAP1;DDX20
prerank,GOCC_RESPIRATORY_CHAIN_COMPLEX_IV,0.31371309394504243,0.6124833965684329,0.603448275862069,1.0,1.0,6/19,12.91%,MT-CO2;NDUFA4L2;COX4I1;COX7B;COX7A1;COX7A2L
prerank,GOCC_NUCLEAR_CYCLIN_DEPENDENT_PROTEIN_KINASE_HOLOENZYME_COMPLEX,0.24212007331817387,0.6085504115893122,0.6206896551724138,1.0,1.0,12/24,37.17%,ERCC3;BCCIP;CCNT2;CDK7;CDK13;CCNC;GTF2H1;CDK12;GTF2H4;CDK19;CCNH;MNAT1
prerank,GOCC_TRANS_GOLGI_NETWORK_TRANSPORT_VESICLE_MEMBRANE,0.3341829239443018,0.6009849713038586,0.4666666666666667,1.0,1.0,8/21,19.48%,AP4B1;CLTB;CLTA;SYNRG;AP1S2;AP2A1;NRGN;CLTC
prerank,GOCC_EXOSOME_RNASE_COMPLEX,0.27165644824349217,0.5906766007416993,0.6470588235294118,1.0,1.0,10/21,29.16%,GTPBP1;EXOSC1;EXOSC8;EXOSC3;CARHSP1;DIS3;EXOSC7;KHSRP;EXOSC4;EXOSC6
prerank,GOCC_GOLGI_CIS_CISTERNA,0.2569890556749522,0.5860045708215549,0.5961538461538461,1.0,1.0,3/15,11.73%,SLC30A7;LLGL1;XYLT1
prerank,GOCC_EXTRINSIC_COMPONENT_OF_SYNAPTIC_VESICLE_MEMBRANE,0.31100352621137833,0.5830772991356925,0.62,1.0,1.0,5/15,16.06%,ATM;ATP6V1G1;ATP6V1B1;RPH3A;DOC2A
prerank,GOCC_PROTEIN_LIPID_COMPLEX,-0.1428345253577814,-0.5792492821987149,1.0,1.0,1.0,13/37,30.02%,CLU;VLDLR;LDLR;APOE;APOC4;APOA2;APOA1;HDLBP;PLTP;APOB;APOC1;SAA4;APOM
prerank,GOCC_CALYX_OF_HELD,0.26109164996134343,0.5742835332255412,0.6612903225806451,1.0,1.0,5/19,19.25%,ACTG1;KCNA2;ADORA1;PRKCG;GIT1
prerank,GOCC_ESC_E_Z_COMPLEX,0.2587565223991528,0.56851331113408,0.660377358490566,1.0,1.0,5/16,16.78%,DNMT3L;RBBP7;EED;AEBP2;MTF2
prerank,GOCC_M_BAND,0.2945068439783613,0.56206503029884,0.4915254237288136,1.0,1.0,9/27,24.47%,OBSCN;ANK1;SPTBN1;SLMAP;PPP2R5A;ANK2;LMOD2;NBR1;TTN
prerank,GOCC_ANAPHASE_PROMOTING_COMPLEX,0.2679479571095806,0.5615670023935138,0.66,1.0,1.0,4/21,8.93%,BUB1B;UBE2C;ANAPC2;ANAPC11
prerank,GOCC_FAR_SIN_STRIPAK_COMPLEX,0.25315294565542984,0.5600248823650419,0.6981132075471698,1.0,1.0,9/17,32.51%,STK24;CTTNBP2NL;SLMAP;SIKE1;PDCD10;MOB4;STRN3;PPP2CB;CTTNBP2
prerank,GOCC_CELL_BODY_MEMBRANE,0.33972224591742556,0.5579111267161134,0.5454545454545454,1.0,1.0,9/30,20.26%,ATP1A3;THY1;PIEZO2;SLC12A2;DAB2IP;KCNA2;KCNC4;KCNE3;CADM2
prerank,GOCC_PROTEIN_COMPLEX_INVOLVED_IN_CELL_MATRIX_ADHESION,0.2951530843645702,0.5491210342629639,0.6923076923076923,1.0,1.0,6/17,16.62%,LAMC1;TNR;PLAUR;LAMB2;EMILIN1;NID1
prerank,GOCC_INTRACILIARY_TRANSPORT_PARTICLE,0.30123070559876747,0.5474148954819683,0.5538461538461539,1.0,1.0,10/21,26.02%,TRIM59;IFT80;TTC21A;CLUAP1;IFT140;TRAF3IP1;TTC21B;IFT46;IFT122;IFT81
prerank,GOCC_INTAC_COMPLEX,0.25578084819022445,0.5440479061283183,0.8085106382978723,1.0,1.0,5/16,19.04%,INTS13;INTS7;INTS4;INTS1;INTS14
prerank,GOCC_ENDOPLASMIC_RETICULUM_TUBULAR_NETWORK,-0.14306444821456574,-0.5436060875100556,1.0,1.0,1.0,10/29,29.06%,RETREG3;ARV1;REEP1;OSBPL8;REEP5;PARP6;ZFYVE27;C2CD2L;REEP4;RNF41
prerank,GOCC_INO80_COMPLEX,-0.162619449128724,-0.541998658953975,1.0,1.0,1.0,16/16,83.76%,INO80D;INO80C;YY1AP1;RUVBL1;ACTL6A;INO80;MCRS1;TFPT;UCHL5;INO80E;YY1;INO80B;NFRKB;RUVBL2;ACTR8;ACTR5
prerank,GOCC_CUL4_RING_E3_UBIQUITIN_LIGASE_COMPLEX,0.30379761688513834,0.5419230980768313,0.47761194029850745,1.0,1.0,15/38,26.45%,FBXW5;ARIH1;DCAF6;COP1;RBX1;GLMN;DCAF11;DCAF5;DCAF15;DDB2;DCAF17;DCAF1;DCAF10;CUL4B;DCAF8L1
prerank,GOCC_AXON_INITIAL_SEGMENT,-0.14105682482027768,-0.5298063750975917,0.9714285714285714,0.997040726198517,1.0,6/22,23.03%,MAP2;NRCAM;CNTN2;SPTBN4;NFASC;SCN8A
prerank,GOCC_PERICENTRIC_HETEROCHROMATIN,0.2598989938425256,0.5237376057097824,0.6538461538461539,1.0,1.0,10/27,25.00%,KMT5C;LRWD1;HELLS;SMARCA5;CENPC;BAZ1B;NCAPD3;KDM4A;DNMT1;IKZF1
prerank,GOCC_MYOFILAMENT,0.24768747268781618,0.5233249612128791,0.7291666666666666,1.0,1.0,9/23,32.11%,TNNC1;TNNI3;TMOD4;TMOD2;LMOD2;TNNI1;TTN;TNNI2;TNNT1
prerank,GOCC_INHIBITORY_SYNAPSE,0.22765790508133354,0.5106196301073894,0.8148148148148148,1.0,1.0,5/17,19.37%,GPHN;GLRA1;IQSEC3;GIT1;SLC32A1
prerank,GOCC_KINETOCHORE_MICROTUBULE,0.2404257284690755,0.5095132729694576,0.6833333333333333,1.0,1.0,6/19,21.80%,CHMP3;CHMP1A;CHMP4B;CLASP2;CHMP5;CHMP7
prerank,GOCC_FILOPODIUM_TIP,0.21243942383344672,0.507697535702558,0.8,1.0,1.0,6/17,23.34%,VIL1;NLGN1;UBE2K;AP2A1;OSBPL3;EPHB1
prerank,GOCC_DYSTROPHIN_ASSOCIATED_GLYCOPROTEIN_COMPLEX,0.24248198219221237,0.5075299504187449,0.8571428571428571,1.0,1.0,6/17,24.33%,KRT19;SSPN;SGCZ;SNTA1;DAG1;UTRN
prerank,GOCC_T_CELL_RECEPTOR_COMPLEX,0.24856560652230109,0.5058864929363058,0.7321428571428571,1.0,1.0,12/21,32.31%,TRAC;APBB1IP;TRDC;TRGC2;TRAT1;CD4;CD247;CD3G;SKAP1;TRBC1;SYK;CD3D
prerank,GOCC_POSTSYNAPTIC_SPECIALIZATION_INTRACELLULAR_COMPONENT,0.2477129454352346,0.48810047371046816,0.7142857142857143,1.0,1.0,4/23,12.42%,GRID2IP;GPHN;ACTN2;SIPA1L3
prerank,GOCC_REPLISOME,0.22374643219510754,0.4873775022094296,0.8688524590163934,1.0,1.0,10/24,28.63%,SMARCAL1;PRIM1;PCNA;PLRG1;POLD3;HELB;ERCC5;MCM3;POLA2;CDC5L
prerank,GOCC_DNA_REPAIR_COMPLEX,0.265408169469927,0.47532252148406545,0.7540983606557377,1.0,1.0,9/23,22.21%,PALB2;ATM;BRCA2;TP53BP1;ASCC3;LIG4;RCOR1;ATP23;CYREN
prerank,GOCC_SPERM_HEAD,0.24383486207387345,0.47391531239387824,0.875,1.0,1.0,4/20,14.21%,TACR1;PLCZ1;ACTL9;WBP2NL
prerank,GOCC_SEX_CHROMOSOME,-0.12273924857012132,-0.47325236597865356,0.975,0.9978141305880693,1.0,2/27,5.79%,HNRNPU;DMRTC2
prerank,GOCC_AUTOPHAGOSOME_MEMBRANE,0.2985087500593302,0.4718704669507691,0.55,1.0,1.0,22/52,29.12%,TMEM74;CHMP3;STX17;ATP6AP2;TM9SF1;RAB30;CHMP1A;CHMP4B;ATP13A2;WDR81;UVRAG;SNAP29;WDFY3;CALCOCO2;ULK1;CHMP5;CHMP7;MCOLN3;MAP1LC3C;SH3GLB1;MAP1LC3A;ATG16L1
prerank,GOCC_INNER_KINETOCHORE,0.19759558365607768,0.46458808350950703,0.9444444444444444,1.0,1.0,5/17,23.64%,ORC2;CENPN;CENPX;CENPC;ITGB3BP
prerank,GOCC_SWI_SNF_COMPLEX,0.24396279217675093,0.4617742874068373,0.7142857142857143,1.0,1.0,10/30,28.67%,NCR1;BCL7A;SMARCC2;DPF2;SMARCA4;BICRA;DPF3;SMARCD1;BCL11A;ARID1B
prerank,GOCC_EXORIBONUCLEASE_COMPLEX,0.23613016036248577,0.45515326219086455,0.8148148148148148,1.0,1.0,11/25,29.16%,GTPBP1;SUPV3L1;EXOSC1;EXOSC8;EXOSC3;CARHSP1;DIS3;EXOSC7;KHSRP;EXOSC4;EXOSC6
prerank,GOCC_POSTSYNAPTIC_ENDOSOME,0.22252698571872942,0.451396681825777,0.8714285714285714,1.0,1.0,4/20,15.00%,MKLN1;AGAP1;SNX27;SNX6
prerank,GOCC_APICOLATERAL_PLASMA_MEMBRANE,0.23260016443217219,0.4496424026047466,0.7254901960784313,1.0,1.0,5/23,12.52%,FZD6;KRT19;NEDD4;OCLN;EPPK1
prerank,GOCC_ESCRT_COMPLEX,0.26641739449838153,0.44847152685023545,0.6271186440677966,1.0,1.0,10/29,21.80%,VPS36;MVB12A;CHMP3;CHMP1A;CHMP4B;VPS28;STAM;DIAPH3;CHMP5;CHMP7
prerank,GOCC_INO80_TYPE_COMPLEX,0.2553091939021918,0.4482536426122924,0.6612903225806451,1.0,1.0,13/27,36.29%,ING3;ZNHIT1;ACTR6;KAT5;ACTR5;ACTR8;TRRAP;RUVBL2;NFRKB;INO80B;YY1;SRCAP;INO80E
prerank,GOCC_MICROTUBULE_PLUS_END,0.22933204521434547,0.4476959524109925,0.671875,1.0,1.0,11/25,34.10%,MAPRE3;CLASP2;TBCB;NCKAP5;DCTN1;SPAG5;CDK5RAP2;SLAIN1;DST;CLIP4;CLIP2
prerank,GOCC_CHROMOSOMAL_REGION,0.4441758367171873,0.447334024333445,1.0,1.0,1.0,35/371,9.70%,SMG6;THOC1;GAR1;BUB1B;BLM;DAPK3;CDT1;HNRNPA2B1;SETX;ORC2;MCM5;CHMP3;AURKA;TERF2;KAT2B;TFIP11;MAD2L1;PCNA;NSMCE3;SYCP2;PPP1R12A;BIRC5;KMT5C;DHX36;SPC25;TRIOBP;ATM;BRCA2;WAPL;PDS5A;CHMP1A;RBBP7;MCM7;EID3;TP53BP1
prerank,GOCC_SAGA_COMPLEX,0.24154659910654452,0.4445780667596329,0.676923076923077,1.0,1.0,11/25,25.81%,SUPT20H;KAT2B;TADA2A;TAF10;TAF5L;SF3B5;TAF9;TRRAP;KAT2A;SUPT3H;USP22
prerank,GOCC_TRANSCRIPTION_FACTOR_TFIID_COMPLEX,0.22680103016250247,0.4378278093438133,0.6031746031746031,1.0,1.0,11/39,20.66%,GTF2E2;GTF2A2;ERCC3;TAF11L4;TAF1L;TAF7;TAF10;TAF4;GTF2E1;TAF5L;TAF9
prerank,GOCC_INTEGRIN_COMPLEX,0.2529546488705905,0.43546024785562243,0.8392857142857143,1.0,1.0,14/29,36.77%,ITGAX;ITGA2;ITGAV;EMILIN1;ITGA1;ITGA10;ITGB2;ITGB7;ITGA11;ITGA8;ITGAD;ITGB6;ITGA4;TSPAN32
prerank,GOCC_MICROBODY_LUMEN,0.23814402509929436,0.43472770250222276,0.5689655172413793,1.0,1.0,15/48,21.00%,NUDT19;AMACR;ACOX3;GNPAT;PEX5;HACL1;ATM;SCP2;DAO;MLYCD;NUDT7;CRAT;PHYH;NUDT12;PEX7
prerank,GOCC_CYTOSOLIC_RIBOSOME,0.2165560051464795,0.4294269215282382,0.7659574468085106,1.0,1.0,6/25,16.15%,RNF10;HBS1L;PELO;EIF2AK4;ASCC3;USP10
prerank,GOCC_OUTER_KINETOCHORE,0.22312090285898845,0.4285940884217512,0.78,1.0,1.0,7/20,30.64%,BUB1B;SPC25;NSL1;SPC24;SKA2;ZWINT;CCNB1
prerank,GOCC_CYTOCHROME_COMPLEX,0.22219983757399928,0.42011695227994894,0.7272727272727273,1.0,1.0,8/33,12.91%,UQCRH;MT-CO2;NDUFA4L2;COX4I1;COX7B;UQCRFS1;COX7A1;COX7A2L
prerank,GOCC_SYNAPTIC_CLEFT,0.2174920798430574,0.41994829909133435,0.8095238095238095,1.0,1.0,6/24,16.40%,NLGN1;GRIN1;C1QL2;COLQ;C1QL1;LAMB2
prerank,GOCC_NUCLEOID,0.24614592610590397,0.41805823708220363,0.5846153846153846,1.0,1.0,13/48,19.26%,UQCC2;POLG2;SUPV3L1;MTERF2;LONP1;POLQ;GRSF1;TRMT10C;POLRMT;POLG;PRORP;POLDIP2;ATP5F1B
prerank,GOCC_RSC_TYPE_COMPLEX,0.20515991231521535,0.4179454119545213,1.0,1.0,1.0,15/15,79.50%,SMARCC2;SMARCA4;SMARCD1;SMARCB1;SUZ12;ACTL6B;PHF10;ACTB;SMARCE1;SMARCC1;PBRM1;ACTL6A;SMARCD2;ARID2;BRD7
prerank,GOCC_ROUGH_ENDOPLASMIC_RETICULUM,0.27593065658173394,0.4179101616422891,0.6212121212121212,1.0,1.0,18/50,20.81%,CKAP4;HGFAC;SEC63;LRPAP1;F12;STX17;PLOD3;SPPL3;EPHA5;SEC61G;CCDC47;EDN1;LRAT;SEC62;LIN28A;SUCO;PKM;PI4KB
prerank,GOCC_NUCLEAR_UBIQUITIN_LIGASE_COMPLEX,0.26127787416001996,0.417742260623098,0.6363636363636364,1.0,1.0,16/46,26.49%,BUB1B;CBX6;UBE2C;PHC2;ANAPC2;CBX8;BRCA2;ANAPC11;BRCC3;BARD1;RAD51;PCGF1;BCOR;RNF2;ANAPC13;CBX7
prerank,GOCC_CYTOPLASMIC_SIDE_OF_ENDOPLASMIC_RETICULUM_MEMBRANE,0.239995016642033,0.41488022467300323,0.9019607843137255,1.0,1.0,10/20,33.16%,ALG13;ALG14;SPPL3;ITPR3;ALG1;SPPL2C;THADA;EPM2A;ALG2;HM13
prerank,GOCC_MICROTUBULE_END,0.25355927095880376,0.4073200398017096,0.6935483870967742,1.0,1.0,16/35,34.10%,CAMSAP1;MAPRE3;CAMSAP2;CLASP2;TBCB;NCKAP5;DCTN1;SPAG5;CDK5RAP2;SLAIN1;SVIL;RNF4;NAV3;DST;CLIP4;CLIP2
prerank,GOCC_90S_PRERIBOSOME,0.2261733958582402,0.4056762650874116,0.864406779661017,1.0,1.0,6/23,16.02%,WDR12;NOC4L;NOC2L;SRFBP1;UTP18;WDR36
prerank,GOCC_COMPLEX_OF_COLLAGEN_TRIMERS,0.20060664568057973,0.4038475650417611,0.8571428571428571,1.0,1.0,8/22,29.87%,LUM;COL28A1;COL2A1;COL4A1;COL11A1;COL10A1;COL8A2;COL1A1
prerank,GOCC_A_BAND,0.2650483758848219,0.39958812429221036,0.6774193548387096,1.0,1.0,10/38,17.92%,OBSCN;ANK1;SPTBN1;KAT2B;PPP1R12A;MYL7;SLMAP;PPP2R5A;ANK2;LMOD2
prerank,GOCC_PROTEASOME_COMPLEX,0.25814186866066563,0.3960951762027723,0.6164383561643836,1.0,1.0,26/62,33.17%,PSMA3;UBQLN4;PSMD3;PSMC5;ECPAS;PSMD10;PSMD11;PRICKLE1;PSMC4;USP14;PSMB8;PSMD12;HSPB1;TXNL1;RAD23B;PSMD13;PSMB4;PSMC6;ADRM1;PSMB9;ZFAND2B;PSMD5;PSMC3;ZFAND2A;PSMA4;PSMA1
prerank,GOCC_EXTRINSIC_COMPONENT_OF_SYNAPTIC_MEMBRANE,0.1965469182642209,0.393102201119627,0.9482758620689655,1.0,1.0,4/20,18.85%,CNKSR2;RNF10;C1QA;FBXO2
prerank,GOCC_FILAMENTOUS_ACTIN,0.16827341454860545,0.38129592829929926,0.9411764705882353,1.0,1.0,10/28,30.97%,PDLIM7;ACTG1;PDLIM1;DIAPH3;PDLIM3;MYO18B;MYO1A;APC2;CARMIL1;DUSP22
prerank,GOCC_GTPASE_COMPLEX,0.22248686123812153,0.3810686336440704,0.7424242424242424,1.0,1.0,13/39,21.87%,GNA12;GNG2;GNG14;GNAI1;RRAGB;GNGT1;RRAGC;GNB3;GNA13;GNG13;GNG11;GNAQ;GNG5
prerank,GOCC_EXTRINSIC_COMPONENT_OF_ORGANELLE_MEMBRANE,0.23569196266644296,0.3797318069501843,0.7796610169491526,1.0,1.0,7/28,17.48%,COQ7;ATM;ATP6V1G1;ATP6V1B1;RPH3A;DOC2A;COQ6
prerank,GOCC_LUMENAL_SIDE_OF_ENDOPLASMIC_RETICULUM_MEMBRANE,0.18727802404007454,0.37947477472894314,0.9375,1.0,1.0,5/16,20.84%,ALG8;SPPL3;ALG3;TAPBP;SPPL2C
prerank,GOCC_LUMENAL_SIDE_OF_MEMBRANE,0.18526126520859756,0.3762079049495772,0.875,1.0,1.0,7/26,20.84%,ALG8;SPPL3;ALG3;NDUFAF5;AQP2;TAPBP;SPPL2C
prerank,GOCC_SAGA_TYPE_COMPLEX,0.22372864085890437,0.37588144796451906,0.7313432835820896,1.0,1.0,16/37,25.81%,SUPT20H;KAT2B;KAT14;DR1;TAF7;TADA2A;TAF10;TAF4;TAF5L;SF3B5;TAF9;TRRAP;KAT2A;SUPT3H;TAF2;USP22
prerank,GOCC_POSTSYNAPTIC_DENSITY_INTRACELLULAR_COMPONENT,0.18366289379671552,0.3747819430538356,0.9583333333333334,1.0,1.0,2/18,11.19%,GRID2IP;ACTN2
prerank,GOCC_CUL3_RING_UBIQUITIN_LIGASE_COMPLEX,0.2688219406138832,0.3721237861281745,0.6712328767123288,1.0,1.0,24/60,28.43%,KBTBD3;ARIH1;RBX1;CUL3;KLHL20;GLMN;KLHL30;KLHL3;TNFAIP1;LZTR1;KCTD17;KLHL42;KLHL9;KBTBD6;KLHL22;PEF1;IVNS1ABP;KLHL8;KLHL10;KLHL2;KLHL17;KLHL5;KLHL11;KCTD2
prerank,GOCC_CORE_MEDIATOR_COMPLEX,0.19119113093152418,0.3640190540769712,0.9122807017543859,1.0,1.0,7/26,22.07%,MED17;MED15;MED18;MED21;MED8;MED9;MED4
prerank,GOCC_MICROVILLUS_MEMBRANE,0.19856081538396725,0.3609674715621993,0.847457627118644,1.0,1.0,10/32,24.62%,FCRL3;MTTP;SLC26A2;CDHR2;CA9;ITGAV;CDHR5;S100P;CUBN;AMN
prerank,GOCC_TRANSCRIPTION_ELONGATION_FACTOR_COMPLEX,0.213905141391917,0.35455518261299884,0.7083333333333334,1.0,1.0,7/49,9.44%,ELL;SUPT5H;NELFB;ELL2;SUPT4H1;CCNT2;AFF3
prerank,GOCC_LOW_DENSITY_LIPOPROTEIN_PARTICLE,0.19084158244897687,0.34546468231764077,0.9206349206349206,1.0,1.0,7/16,32.14%,APOA5;APOC2;LSR;SELENOS;PLA2G7;APOA4;APP
prerank,GOCC_MICROBODY_MEMBRANE,0.23627669486360808,0.3375965785920291,0.6666666666666666,1.0,1.0,27/63,29.08%,GDAP1;GNPAT;PEX5;ACSL6;PEX10;ABCD4;PECR;TTC1;PXMP4;PEX11G;PEX6;TMEM35A;ATAD1;ACSL1;PEX5L;FNDC5;PEX11B;PEX7;FAR2;NBR1;DHRS4;HMGCR;PEX1;CAT;MAP2K2;IMPDH2;PJVK
prerank,GOCC_PROTEIN_PHOSPHATASE_TYPE_1_COMPLEX,0.1873404467146904,0.33491478246958234,0.9538461538461539,1.0,1.0,6/20,24.22%,PPP1R12A;PPP1CA;PPP1R3B;PPP1R3D;TOX4;PPP1R3A
prerank,GOCC_RETROMER_COMPLEX,0.1683352804950733,0.32880918018868377,0.9830508474576272,1.0,1.0,8/20,32.15%,SNX27;SNX6;VPS29;SNX12;DCTN1;ANKFY1;ENTR1;TBC1D5
prerank,GOCC_ACTOMYOSIN,0.24304006501593076,0.32553232165257423,0.7037037037037037,1.0,1.0,29/89,23.14%,SYNPO2;CDC42BPA;LPP;RAI14;PDLIM7;FHL3;KAT2B;CTTNBP2NL;PPP1R12A;FBLIM1;ACTN1;TLNRD1;SH2B2;FLNB;ABLIM1;SIPA1L3;EVL;AFAP1;FHOD1;PDLIM1;PDLIM3;SEPTIN11;XIRP1;ASB2;PDCD6IP;MYO18A;AMOT;MYL9;FSCN1
prerank,GOCC_GLYCOPROTEIN_COMPLEX,0.1735225359328758,0.3247328947542484,0.9622641509433962,1.0,1.0,6/21,24.33%,KRT19;SSPN;SGCZ;SNTA1;DAG1;UTRN
prerank,GOCC_PHOSPHATASE_COMPLEX,0.21044969060220695,0.32356230221824595,0.7567567567567568,1.0,1.0,16/56,20.66%,PPP3CC;PPP1R12A;PPP2R2C;PPP2R3B;PPP1CA;PPP4R3A;IER5;PPP1R3B;PPP1R3D;PPP2R5E;PPP2R5A;PPP2R1B;PPP3R2;PDP1;TOX4;PPP2R5D
prerank,GOCC_SNO_S_RNA_CONTAINING_RIBONUCLEOPROTEIN_COMPLEX,0.18868388440519546,0.3234796200389045,0.9104477611940298,1.0,1.0,9/24,27.88%,POP4;GAR1;POP1;RRP9;RPP25L;FBL;NOP56;NHP2;RPP30
prerank,GOCC_PCG_PROTEIN_COMPLEX,0.20447943286031534,0.3225270555201572,0.7866666666666666,1.0,1.0,18/48,29.57%,CBX6;PHC2;DNMT3L;CBX8;RBBP7;EED;ZFP42;AEBP2;MTF2;KDM2B;UBAP2L;PCGF1;ASXL2;RNF2;RBBP4;CBX7;BMI1;RYBP
prerank,GOCC_CAJAL_BODY,0.2210029884526918,0.31630399229345707,0.7142857142857143,1.0,1.0,11/59,9.82%,ELL;GAR1;ARIH1;HNRNPA2B1;HINFP;LSM10;ANKS1B;NOLC1;DDX42;SART1;ISG20
prerank,GOCC_PROTEIN_FOLDING_CHAPERONE_COMPLEX,0.19245833172672744,0.31416563457204477,0.8356164383561644,1.0,1.0,10/38,24.82%,PSMG2;SPAG1;PPP5C;PFDN2;CCDC47;DNAAF2;HSPB8;TSC1;CCT8L2;RUVBL2
prerank,GOCC_ENDOPEPTIDASE_COMPLEX,0.24012190400601716,0.31407242021146226,0.75,1.0,1.0,24/93,19.25%,PIGS;PSMA3;UBQLN4;PSMD3;CRADD;CAPNS2;SPCS3;PSMC5;ECPAS;PSMD10;PSMD11;PLAUR;PRICKLE1;PSMC4;USP14;PSMB8;HTRA2;SEC11C;PSMD12;HSPB1;TXNL1;SEC11A;RAD23B;PSMD13
prerank,GOCC_MALE_GERM_CELL_NUCLEUS,0.19676532368375535,0.31021574780284317,0.8412698412698413,1.0,1.0,14/52,20.99%,TERF2;PCNA;MAEL;ZFPM2;TESMIN;AIRE;TAF7;TAF10;TOP2A;TAF4;DAZAP1;CDK7;ACTRT3;RAD51
prerank,GOCC_VOLTAGE_GATED_CALCIUM_CHANNEL_COMPLEX,0.18659411926691344,0.30528371266949483,0.8870967741935484,1.0,1.0,12/42,26.59%,RYR1;CACNA1S;CACNB4;TMEM262;CATSPER3;CACNB2;CACNG1;CACNA1C;CACNA2D2;PDE4D;CACNA2D3;CATSPERZ
prerank,GOCC_VESICLE_TETHERING_COMPLEX,0.20781078537480238,0.30379776823918964,0.7391304347826086,1.0,1.0,25/62,32.92%,VPS16;NBAS;TRAPPC6B;TNFAIP2;STX17;EXOC6;EXOC3;EXOC5;EXOC6B;EIPR1;VPS54;TRAPPC13;EXOC8;TRAPPC6A;COG4;VPS18;TRAPPC9;TRAPPC12;VPS52;HOOK3;COG6;TRAPPC1;EXOC3L2;TRAPPC11;TGFBRAP1
prerank,GOCC_TRIGLYCERIDE_RICH_PLASMA_LIPOPROTEIN_PARTICLE,0.17620233356533896,0.3036271017388778,0.9661016949152542,1.0,1.0,10/21,34.03%,APOH;APOA5;APOC2;LSR;PCYOX1;SELENOS;APOC3;APOA4;APP;APOL1
prerank,GOCC_ACTIN_FILAMENT_BUNDLE,0.23571094595299694,0.30235908459279826,0.7682926829268293,1.0,1.0,25/91,18.24%,SYNPO2;LPP;RAI14;PDLIM7;VIL1;FHL3;CTTNBP2NL;PPP1R12A;FBLIM1;RFLNB;PLS1;ACTN1;TLNRD1;SH2B2;FLNB;ABLIM1;SIPA1L3;EVL;AFAP1;FHOD1;PDLIM1;DIAPH3;PDLIM3;SEPTIN11;XIRP1
prerank,GOCC_CORTICAL_ACTIN_CYTOSKELETON,0.22472272315075478,0.2953276460294296,0.7631578947368421,1.0,1.0,18/78,15.56%,KRT19;SPTBN1;LLGL1;PIEZO2;PLS1;ACTN1;DLC1;CAP1;ACTN2;RAPGEF3;AKAP13;LASP1;ANLN;HIP1R;LANCL2;RDX;HIP1;RTKN
prerank,GOCC_MAIN_AXON,0.2086948699162114,0.2914660180726939,0.7972972972972973,1.0,1.0,22/66,25.99%,ROBO2;ANK1;SPTBN1;LRRC7;HAPLN2;LGI3;KCNQ3;THY1;KCNA2;MYO1D;ADORA1;ADORA2A;CNTNAP1;KCNAB1;KCNA4;DAG1;KCNK4;SCN2B;DLG2;CRHBP;CLCN2;EPB41L3
prerank,GOCC_IMMUNOGLOBULIN_COMPLEX,0.16489571035025563,0.2894254442746566,0.967741935483871,1.0,1.0,19/19,83.53%,CD79B;IGHG1;PIGR;IGLL1;IGHG3;SYK;VPREB3;IGHA1;IGHD;IGLC7;VPREB1;CD79A;IGHM;JCHAIN;IGHE;IGKC;IGHA2;IGLC1;LIME1
prerank,GOCC_T_TUBULE,0.18727300574120137,0.28473792750047655,0.8985507246376812,1.0,1.0,12/47,19.27%,FXYD1;CACNA1S;STAC;DYSF;ATP1A1;REM1;RDX;CACNB2;ANK2;STBD1;CACNG1;CACNA1C
prerank,GOCC_CLATHRIN_VESICLE_COAT,0.17964134426474035,0.28332485127352913,0.9264705882352942,1.0,1.0,9/36,21.06%,CLTB;CLINT1;CLTA;STON2;SYNRG;AP1S2;AP2A1;CLTC;EPN2
prerank,GOCC_I_BAND,0.2601463495832885,0.2823363881978794,0.9113924050632911,1.0,1.0,39/135,19.59%,OBSCN;SYNPO2;MYOZ1;FBP2;PDLIM7;KRT19;ANK1;FHL3;HOMER1;KAT2B;GGPS1;CSRP2;PPP1R12A;RYR1;CACNA1S;NRAP;SCN3B;ACTN1;JPH2;REM1;PAK1;NEXN;SLMAP;ACTN2;PLEC;FLNB;KCNN2;BMP10;PPP2R5A;JPH1;CAB39;ANK2;SORBS2;PDLIM1;PDLIM3;MYO18B;HSPB1;CACNA1C;ASB2
prerank,GOCC_GOLGI_ASSOCIATED_VESICLE_MEMBRANE,0.1958697972926201,0.269375728384709,0.8513513513513513,1.0,1.0,14/56,20.84%,AP4B1;CNGA4;CLTB;COPE;SPPL3;CLTA;SYNRG;CNGA2;AP1S2;AP2A1;NRGN;CLTC;TMED3;SPPL2C
prerank,GOCC_H4_HISTONE_ACETYLTRANSFERASE_COMPLEX,0.1681421113981137,0.26805167113208517,0.9384615384615385,1.0,1.0,11/38,24.82%,ACTG1;ING3;OGT;KAT5;MSL1;MBTD1;KANSL1L;KAT8;TRRAP;MEAF6;RUVBL2
prerank,GOCC_HISTONE_DEACETYLASE_COMPLEX,0.21218213378885917,0.2625458286705363,0.875,1.0,1.0,27/81,25.68%,HDAC8;ING3;HDAC7;SAP30;ZNHIT1;ACTR6;HINT1;OGT;RBBP7;ZNF217;ARID4B;HDAC5;HDAC3;MBD3;MTA3;KAT5;GATAD2B;CHD4;RCOR1;GATAD2A;TRRAP;RCOR3;CDK2AP1;SATB2;RUVBL2;RBBP4;SIN3B
prerank,GOCC_SPECIFIC_GRANULE_MEMBRANE,0.18496500902354512,0.2553304178471995,0.8513513513513513,1.0,1.0,26/89,27.12%,PTPRB;CD47;CKAP4;TARM1;SLC44A2;PLD1;TMBIM1;PLAUR;SLC2A3;ALDH3B1;P2RX1;ATP8B4;TMEM30A;ITGAV;BST1;OLR1;TMC6;GPR84;VAMP1;ATP11A;CHRNB4;HVCN1;LAMTOR2;ITGB2;ANO6;RAP2B
prerank,GOCC_EXTRINSIC_COMPONENT_OF_CYTOPLASMIC_SIDE_OF_PLASMA_MEMBRANE,0.17409714814107122,0.25429499294206104,0.9384615384615385,1.0,1.0,13/47,21.87%,GNA12;CARMIL2;GNG2;GNG14;GNAI1;GNGT1;GNB3;GNA13;GNG13;CNR2;GNG11;GNAQ;GNG5
prerank,GOCC_NUCLEAR_PORE,0.1835100358562167,0.2510523988124714,0.8888888888888888,1.0,1.0,22/80,22.35%,KPNA3;CHMP3;MVP;NXT2;BICD2;MAD2L1;XPO4;NUP54;CHMP1A;SENP2;CHMP4B;AGFG1;PARP11;XPOT;IPO5;POM121C;RGPD3;PCID2;CHMP5;CHMP7;GLE1;NUP43
prerank,GOCC_SWI_SNF_SUPERFAMILY_TYPE_COMPLEX,0.19826944863358903,0.2501388044363454,0.8674698795180723,1.0,1.0,28/94,25.54%,DEK;ING3;BPTF;NCR1;ZNHIT1;ACTR6;RBBP7;BCL7A;MBD3;MTA3;SMARCC2;KAT5;DPF2;GATAD2B;ACTR5;SMARCA4;CHD4;BICRA;ACTR8;SMARCA5;GATAD2A;TRRAP;DPF3;BAZ1B;SS18L1;CDK2AP1;RUVBL2;RBBP4
prerank,GOCC_MICROBODY,0.20547255902876957,0.24671366839650616,0.8395061728395061,1.0,1.0,53/138,29.13%,SZT2;GDAP1;NUDT19;AMACR;ACOX3;GNPAT;PEX5;ACSL6;PEX10;ABCD4;PECR;TTC1;HACL1;PXMP4;LACC1;ATM;PEX11G;PEX6;SCP2;MFF;AOC1;PMVK;DAO;TMEM35A;MLYCD;MARF1;NUDT7;URAD;ATAD1;CRAT;ACSL1;ACAD11;PEX5L;PHYH;FNDC5;NUDT12;PEX11B;PEX7;FAR2;NBR1;DHRS4;HMGCR;ISOC1;PEX1;CAT;GRHPR;MAP2K2;RIDA;GBF1;IMPDH2;IDH2;PJVK;IDI2
prerank,GOCC_PROTEIN_COMPLEX_INVOLVED_IN_CELL_ADHESION,0.1746726990496713,0.24655013063776554,0.9538461538461539,1.0,1.0,13/56,18.79%,LAMC1;TNR;NLGN1;ITGAX;PLAUR;ITGA2;ITGAV;LAMB2;EMILIN1;NID1;LGALS2;ITGA1;ITGA10
prerank,GOCC_MIDBODY,0.24009405402185327,0.246187455481982,0.9772727272727273,1.0,1.0,81/196,30.34%,ERH;KIF3B;DAPK3;KIF4A;CHMP3;AURKA;CCDC146;TBCK;MBD5;RASGEF1B;CTNND1;SHCBP1;GNAI1;EXOC6;EXOC3;MAPRE3;BIRC5;SSNA1;ZFYVE26;TRIOBP;CHMP1A;ARL8B;CHMP4B;RCC2;CTDP1;PKN1;KLHL9;EXOC5;UVRAG;RHOA;ANLN;ANXA2;ARF6;DCTN3;TTC19;RDX;FLCN;DNM2;MAP10;AGAP2;GDI1;POLDIP2;IL16;GNL3;USP50;KIF20B;CENPC;PDCD6IP;PTCH1;MARK4;CHMP5;ANKRD54;PIN1;CHMP7;CCDC69;SEPTIN6;VPS4B;MAP7D2;SPART;CEP55;TTC23L;CDK1;VPS4A;MICAL3;APC2;KIF13A;PDXP;URB2;SPAG5;ARL2BP;SIRT2;KATNA1;SH3GLB1;LYRM1;TSG101;CYLD;WIZ;TOPORS;SEPTIN2;CEP126;CCDC66
prerank,GOCC_AUTOPHAGOSOME,0.20752647258974624,0.24266238355998757,0.8414634146341463,1.0,1.0,34/113,24.46%,VPS16;AUP1;TMEM74;CHMP3;UBQLN4;STX17;ATP6AP2;TM9SF1;TP53INP2;RAB30;CLN3;CHMP1A;TP53INP1;CHMP4B;ATP13A2;WDR81;TBC1D14;UVRAG;FTL;SNAP29;DAPK2;WDFY3;CALCOCO2;ULK1;CHMP5;UBQLN2;CHMP7;PIP4K2B;TBC1D12;TICAM1;NBR1;VPS18;MCOLN3;SRPX
prerank,GOCC_STEREOCILIUM_BUNDLE,0.18308690863597013,0.2408148584756832,0.9315068493150684,1.0,1.0,23/64,30.06%,CDC14A;STRC;VEZT;PIEZO2;PLS1;RSPH9;TRIOBP;RHOC;ADCY6;RDX;LOXHD1;ATP8B1;DIAPH3;RIPOR2;MKKS;USH1C;DOCK4;TMC2;CLRN1;TPRN;TWF2;PJVK;ELMOD3
prerank,GOCC_LIPID_DROPLET,0.2060823264090415,0.2400276244752547,0.85,1.0,1.0,20/98,16.43%,ALDH3B2;HSD3B7;CKAP4;AUP1;RBP1;G0S2;CIDEC;BSCL2;STARD13;ABHD5;HILPDA;LIPE;AIFM2;ANXA2;RSAD2;EDA;CLSTN3;AQP10;RAB18;PNPLA1
prerank,GOCC_BASEMENT_MEMBRANE,0.19099263560785362,0.23829913380307613,0.9036144578313253,1.0,1.0,23/98,17.95%,LAMC1;COL15A1;THBS2;CCDC80;LOXL2;ADAMTS1;COL6A1;THBS4;NTN4;COL28A1;COL2A1;ANXA2;FRAS1;ENTPD2;COL4A1;AGRN;COLQ;FN1;EFEMP2;LAMB2;NID1;COL17A1;SMOC2
prerank,GOCC_CLATHRIN_COATED_PIT,0.1885888924935257,0.2374420989374202,0.868421052631579,1.0,1.0,22/77,24.62%,SYNJ1;CLTB;BMPR2;TNK2;RAMP2;CLTA;STON2;SPHK1;HIP1R;OCRL;LRP3;DNM2;AP1S2;AP2A1;DNM1;CLTC;INPP5F;CDHR5;LRP10;CCDC32;CUBN;AMN
prerank,GOCC_HETEROCHROMATIN,0.17691045840097158,0.23741897651869695,0.9333333333333333,1.0,1.0,22/78,25.00%,CBX6;ORC2;PHC2;DNMT3L;KMT5C;UHRF1;CBX8;HMGA1;EED;LRWD1;MBD3;HELLS;RRP8;NOP53;SMARCA5;CENPC;BAZ1B;NCAPD3;KDM4A;RNF2;DNMT1;IKZF1
prerank,GOCC_INTERCALATED_DISC,0.16331519891696472,0.23603116878708033,0.96875,1.0,1.0,21/47,35.00%,FXYD1;NRAP;ACTN1;PAK1;SCN4B;FHOD1;FGF13;ANK2;DSC2;DSP;DSG2;DES;PKP2;CXADR;SCN1A;KCNJ2;PGM5;YWHAH;SLC31A1;GJC1;VAMP5
prerank,GOCC_SMALL_NUCLEAR_RIBONUCLEOPROTEIN_COMPLEX,0.15784980898853698,0.23160446881648794,0.9571428571428572,1.0,1.0,24/75,27.63%,SF3B4;LSM11;LSM10;DDX39B;SART1;MEPCE;SNRPN;BUD13;PPIH;LSM4;SNRPB2;SF3B5;SF3A1;LUC7L;SNRPD2;SF3B6;PRPF8;HEXIM1;SNRNP70;DDX46;SNRPA1;USP39;SF3A2;PRPF39
prerank,GOCC_TRANS_GOLGI_NETWORK_TRANSPORT_VESICLE,0.14318338150517723,0.22853824477695484,0.9859154929577465,1.0,1.0,8/39,19.48%,AP4B1;CLTB;CLTA;SYNRG;AP1S2;AP2A1;NRGN;CLTC
prerank,GOCC_RNA_POLYMERASE_II_HOLOENZYME,0.15235338740650417,0.22480170801599533,0.9342105263157895,1.0,1.0,23/73,28.31%,POLR2D;GTF2E2;GTF2A2;ERCC3;GTF2F2;TAF11L4;TAF1L;POLR2E;TAF7;TAF10;TAF4;GTF2E1;TAF5L;CDK7;TAF9;TRRAP;KAT2A;SUPT3H;TAF2;USP22;TBP;GTF2H1;POLR2I
prerank,GOCC_PRERIBOSOME,0.17695878469634854,0.2239329001264321,0.8947368421052632,1.0,1.0,18/78,17.90%,WDR12;AATF;FTSJ3;EBNA1BP2;NOC4L;NOC2L;NSA2;SRFBP1;UTP15;RPF1;RRP9;UTP18;NOL7;NOB1;WDR36;ZNF622;BYSL;FBL
prerank,GOCC_CALCIUM_CHANNEL_COMPLEX,0.16355799467417967,0.22103488887684772,0.9538461538461539,1.0,1.0,16/69,20.25%,TRPC5;MICU2;RYR1;CACNA1S;SMDT1;CACNB4;ASPH;PRKACA;MCU;TMEM262;CATSPER3;CACNB2;TRPV5;CACNG1;CACNA1C;CACNA2D2
prerank,GOCC_LATERAL_PLASMA_MEMBRANE,0.1548083425018859,0.2169639747477089,0.9459459459459459,1.0,1.0,20/64,28.60%,CORO1C;GNA12;NKD2;CLDN12;AXIN1;SLC12A2;ATP1A1;BVES;VANGL1;ATP6V1B1;FGF13;SNTA1;EPCAM;ARL2;ABCC1;DSG2;MYO1A;DRD2;SLC26A7;PKD1
prerank,GOCC_SNARE_COMPLEX,0.1372013276293901,0.20007915963043002,0.9841269841269841,1.0,1.0,17/48,35.40%,STXBP5L;SNX4;STX17;YKT6;BET1;STX3;SNAP29;VAMP1;STX5;BET1L;GOSR1;STX19;SNAP47;NAPA;STX16;STX8;CPLX3
prerank,GOCC_CYCLIN_DEPENDENT_PROTEIN_KINASE_HOLOENZYME_COMPLEX,0.13929985284719257,0.1995411347655244,1.0,1.0,1.0,17/64,27.81%,CCNQ;ERCC3;BCCIP;CCNJL;PCNA;CCNT2;CCND2;CCNE1;CCNJ;CDK7;CDK5R1;CDK13;CCNI;CDK1;CCNC;CCNO;GTF2H1
prerank,GOCC_ENDOPLASMIC_RETICULUM_PROTEIN_CONTAINING_COMPLEX,0.16921598156900453,0.19762237949531722,0.9518072289156626,1.0,1.0,29/113,21.36%,NBAS;PIGS;EMC7;EMC6;SEC63;B2M;RNF139;SPCS3;NPLOC4;RYR1;ALG13;UFD1;ALG14;MZB1;P4HB;SEC61G;EXT2;OST4;RNF125;SEL1L;SEC11C;ERN2;TAPBP;SEC11A;SREBF2;PRKCSH;TRAF2;SPCS1;TAPBPL
prerank,GOCC_CORTICAL_CYTOSKELETON,0.16541133016249784,0.19466023866780402,0.9358974358974359,1.0,1.0,21/106,16.82%,KRT19;SPTBN1;LLGL1;PIEZO2;PLS1;ACTN1;DLC1;BSN;CAP1;ACTN2;RAPGEF3;AKAP13;LASP1;ANLN;HIP1R;CAPZA1;LANCL2;RDX;HIP1;RTKN;CLASP2
prerank,GOCC_CHLORIDE_CHANNEL_COMPLEX,0.12460646852846105,0.18669233472460042,1.0,1.0,1.0,23/54,36.52%,GABRA6;GABRR2;BEST2;GABRE;GLRA1;BEST4;CLDN17;MFSD8;TTYH3;CLCN2;ANO6;GABRB2;CLIC2;GABRA5;GABRR3;GABRG3;SLC17A8;SLC17A6;GABRD;CLCNKB;CLIC6;GLRB;GLRA2
prerank,GOCC_RESPIRATORY_CHAIN_COMPLEX,0.1616597266219012,0.18469082546041465,0.9506172839506173,1.0,1.0,30/101,25.75%,UQCRH;NDUFA10;MT-CO2;MT-ND4L;MT-ATP6;NDUFA8;WDR93;NDUFA4L2;COX4I1;NDUFB11;COX7B;UQCRFS1;COX7A1;SDHB;COX7A2L;NDUFB4;NNT;UQCRQ;NDUFS8;ATP5F1B;NDUFS1;ATP5F1C;NDUFA11;NDUFA7;NDUFAF2;MT-ND2;UQCRC2;COX7C;ATP5MC2;NDUFV2
prerank,GOCC_PROTEIN_KINASE_COMPLEX,0.1603563282483315,0.18356331396167289,0.9655172413793104,1.0,1.0,43/150,26.53%,ACVR1;CCNQ;PHKB;ERCC3;BCCIP;CCNJL;PRKAA1;PCNA;SMCR8;CCNT2;PRKAR2B;STK11;DBF4B;PRKACA;PARD6A;INSRR;CCND2;UVRAG;PARD6G;TANK;PHKG2;CAB39;ZBTB7A;CCNE1;CCNJ;CDK7;ULK1;CDK5R1;PRKCI;RPTOR;TBKBP1;PRKACB;PRKAR2A;CDK13;TRAF3;CCNI;PRKAG3;ACVR2A;CDK1;TRIM40;IKBKG;CCNC;CCNO
prerank,GOCC_EXTRINSIC_COMPONENT_OF_PLASMA_MEMBRANE,0.15342745519146686,0.17987070431390403,0.9523809523809523,1.0,1.0,32/104,27.27%,GNA12;PCSK9;CARMIL2;CNKSR2;GNG2;GNG14;CTNND1;GNAI1;RNF10;CDH26;CDH24;CDH13;CDH15;GNGT1;C1QA;GNB3;IRAK4;CDH19;FBXO2;GNA13;GNG13;CNR2;GNG11;GNAQ;GNG5;NOD2;CUBN;CDH11;GNAL;APC2;CDH8;AP2M1
prerank,GOCC_RNA_POLYMERASE_COMPLEX,0.14435942090745946,0.1741103677945,0.9759036144578314,1.0,1.0,30/100,28.64%,POLR2D;GTF2E2;GTF2A2;ERCC3;POLR1D;PRIM1;GTF2F2;TAF11L4;TAF1L;POLR3E;POLR2E;TAF7;POLRMT;TAF10;TAF4;GTF2E1;TAF5L;CDK7;TAF9;TRRAP;KAT2A;SUPT3H;MCM3;TAF2;USP22;TBP;POLA2;GTF2H1;POLR2I;PRIMPOL
prerank,GOCC_EXTRINSIC_COMPONENT_OF_MEMBRANE,0.15984666094419958,0.1738103889299673,0.967391304347826,1.0,1.0,47/165,24.92%,COQ7;KIAA1755;GNA12;PCSK9;ARHGEF40;CARMIL2;CNKSR2;GNG2;GFRA3;BECN2;GNG14;CTNND1;GNAI1;RNF10;GML;ATM;PLAUR;CDH26;CDH24;CDH13;ATP6V1G1;UVRAG;CDH15;GNGT1;ATP6V1B1;RPH3A;PIK3R3;C1QA;DOC2A;GNB3;IRAK4;COQ6;CDH19;ARHGEF25;FBXO2;GNA13;GNG13;CNR2;GNG11;GNAQ;GNG5;NOD2;CUBN;GFRA2;CDH11;GNAL;PRNP
prerank,GOCC_RNA_POLYMERASE_II_TRANSCRIPTION_REGULATOR_COMPLEX,0.1609291493025835,0.1662194614304714,0.9897959183673469,1.0,1.0,62/241,22.07%,RFX5;CBFB;CEBPA;PBX1;GTF2E2;MED17;LDB1;GTF2A2;ERCC3;E2F6;DEAF1;GTF2F2;TAF11L4;NR1H4;FOS;MED15;E2F4;HMGA1;CRX;RXRB;MAFB;FOSL2;PASD1;SMAD2;SMAD7;TAF1L;ANXA2;NFATC2;E2F2;TCF12;DR1;TAF7;RXRG;MED18;MAF;TAF10;RARA;TLE4;TAF4;STAT3;GTF2E1;STAT1;TFDP2;CREB3;TAF5L;CHD4;CDK7;MED21;GATA4;THRA;MED8;TCF15;TAF9;ATF6B;LEF1;POU2AF1;TRRAP;ASCL4;KAT2A;MED9;NFE2;MED4
prerank,GOCC_TRANSFERASE_COMPLEX_TRANSFERRING_PHOSPHORUS_CONTAINING_GROUPS,0.16199539534804683,0.1658663232196997,1.0,1.0,1.0,83/285,26.53%,ACVR1;POLG2;POLR2D;PFKM;CCNQ;GTF2E2;GTF2A2;PHKB;ERCC3;BCCIP;CCNJL;BECN2;PFKP;PRKAA1;POLR1D;PRIM1;PCNA;SMCR8;CCNT2;GTF2F2;PRKAR2B;PKLR;TAF11L4;ALG13;STK11;ALG14;DBF4B;PRKACA;PARD6A;INSRR;CCND2;EXT2;UVRAG;TAF1L;POLR3E;POLR2E;GMPPB;TAF7;POLRMT;PIK3R3;POLG;POLD3;PRPS1;TAF10;PARD6G;TAF4;TANK;GTF2E1;PHKG2;CAB39;ZBTB7A;CCNE1;CCNJ;TAF5L;CDK7;ULK1;CDK5R1;PRKCI;RPTOR;TAF9;TBKBP1;TRRAP;PRKACB;PRKAR2A;CDK13;KAT2A;TRAF3;CCNI;REV3L;SUPT3H;MCM3;PRKAG3;ACVR2A;GMPPA;CDK1;TAF2;USP22;TRIM40;NRBF2;IKBKG;TBP;CCNC;CCNO
prerank,GOCC_CHROMOSOME_CENTROMERIC_REGION,0.14591789244394077,0.16014800161355613,0.9791666666666666,0.9994365090052146,1.0,73/239,30.02%,BUB1B;DAPK3;CDT1;ORC2;CHMP3;AURKA;KAT2B;MAD2L1;SYCP2;PPP1R12A;BIRC5;KMT5C;SPC25;WAPL;PDS5A;CHMP1A;TP53BP1;CHMP4B;RCC2;LRWD1;PLK5;UVRAG;ZNF276;HELLS;MIS18BP1;SMARCC2;DCTN3;KAT5;KIF2B;DYNC1LI2;TOP2A;PPP2R5A;CLASP2;CENPN;SMARCA4;CENPX;NSL1;SMC4;SMARCA5;CENPC;PDS5B;CHAMP1;KAT8;CHMP5;FBXW11;BAZ1B;CHMP7;NCAPD3;SS18L1;NUP43;MEAF6;SEPTIN6;SPC24;ITGB3BP;KDM4A;SKA2;DNMT1;IKZF1;DCTN1;TRAPPC12;SPAG5;NGDN;KAT7;SMARCD1;ZWINT;GPATCH11;SMC1B;DSCC1;XPO1;NSMCE1;SEPTIN2;PPP2CB;SUGT1
prerank,GOCC_ATPASE_COMPLEX,0.13726503106535431,0.158728932138525,1.0,0.9965324319599044,1.0,34/125,25.92%,DEK;ATP6V0D2;ING3;ATP6AP2;BPTF;NCR1;ZNHIT1;ACTR6;RBBP7;BCL7A;ATP6V1G1;MBD3;MTA3;SMARCC2;ATP6V1B1;KAT5;DPF2;GATAD2B;ACTR5;SMARCA4;CHD4;BICRA;ACTR8;SMARCA5;GATAD2A;TRRAP;DPF3;BAZ1B;SS18L1;CDK2AP1;VPS4B;RUVBL2;RBBP4;VPS4A
